provincia,ciudad,sector,tipo_propiedad,habitaciones,banos,parqueos,m2_construccion,precio_usd
Distrito Nacional,Santo Domingo,Evaristo Morales,Apartamento,1,2,1,147,245343.00
San Pedro de Macorís,Juan Dolio,Playa Juan Dolio,Villa,4,4,3,394,875468.00
Santiago,Santiago de los Caballeros,El Dorado II,Apartamento,2,2,1,168,315336.00
Santiago,Santiago de los Caballeros,La Trinitaria,Apartamento,1,2,1,256,692736.00
Puerto Plata,Puerto Plata,Costámbar,Casa,5,3,4,691,1147060.00
San Pedro de Macorís,Juan Dolio,Metro Country Club,Casa,4,6,4,449,919103.00
Puerto Plata,Puerto Plata,Playa Dorada,Apartamento,2,2,2,73,87308.00
Santo Domingo,Santo Domingo Este,Ensanche Ozama,Apartamento,4,1,2,147,302526.00
La Romana,La Romana,Buena Vista,Townhouse,1,1,2,246,441816.00
Santo Domingo,Santo Domingo Este,Coral Mall,Apartamento,4,1,2,178,260770.00
La Romana,La Romana,Casa de Campo,Villa,5,6,4,383,690166.00
La Altagracia,Punta Cana,Cap Cana,Apartamento,1,3,2,54,111186.00
La Altagracia,Punta Cana,Punta Cana Village,Casa,4,6,2,267,492615.00
Santo Domingo,Santo Domingo Este,Autopista San Isidro,Apartamento,2,2,2,190,273220.00
Santiago,Santiago de los Caballeros,La Barranquita,Townhouse,2,3,2,221,411944.00
San Pedro de Macorís,Juan Dolio,Playa Juan Dolio,Apartamento,2,2,1,136,155448.00
Samaná,Las Terrenas,Pueblo de los Pescadores,Casa,4,2,2,240,316320.00
Santo Domingo,Santo Domingo Este,Alma Rosa,Villa,3,6,2,465,1032300.00
San Pedro de Macorís,Juan Dolio,Metro Country Club,Apartamento,4,2,2,256,494848.00
Santo Domingo,Santo Domingo Oeste,Herrera,Casa,6,4,3,600,1083600.00
Distrito Nacional,Santo Domingo,Naco,Casa,5,2,2,376,721920.00
La Romana,La Romana,Buena Vista,Casa,4,4,3,435,436740.00
San Pedro de Macorís,Juan Dolio,Playa Juan Dolio,Casa,3,2,2,350,588700.00
San Pedro de Macorís,Juan Dolio,Guavaberry,Casa,6,2,2,568,485072.00
Puerto Plata,Puerto Plata,Costámbar,Penthouse,4,4,3,504,1438920.00
San Pedro de Macorís,Juan Dolio,Metro Country Club,Casa,4,2,4,735,715890.00
La Altagracia,Punta Cana,Bávaro,Casa,6,6,4,341,329406.00
La Romana,La Romana,Casa de Campo,Villa,3,6,2,420,1090740.00
Santo Domingo,Santo Domingo Este,Las Américas,Casa,3,6,2,609,1337364.00
Samaná,Las Terrenas,Pueblo de los Pescadores,Apartamento,3,2,2,111,182373.00
Puerto Plata,Puerto Plata,Cabarete,Apartamento,3,4,2,242,302016.00
Distrito Nacional,Santo Domingo,El Millón,Apartamento,1,1,1,179,294097.00
Santo Domingo,Santo Domingo Norte,Colinas del Arroyo,Villa,4,4,3,341,595727.00
La Romana,La Romana,Central Romana,Apartamento,1,3,1,84,137844.00
Santo Domingo,Santo Domingo Este,Alma Rosa,Apartamento,2,3,2,204,312324.00
La Altagracia,Punta Cana,Cap Cana,Apartamento,3,4,2,63,125811.00
Puerto Plata,Puerto Plata,Costámbar,Casa,5,3,4,448,528640.00
San Pedro de Macorís,Juan Dolio,Playa Juan Dolio,Apartamento,1,1,1,226,317530.00
La Romana,La Romana,Casa de Campo,Villa,4,5,2,222,509490.00
La Altagracia,Punta Cana,Bávaro,Villa,4,3,4,285,448590.00
La Romana,La Romana,Buena Vista,Townhouse,2,2,1,254,371348.00
Puerto Plata,Puerto Plata,Sosúa,Casa,5,5,4,434,605864.00
Santo Domingo,Santo Domingo Norte,Villa Mella,Apartamento,1,4,1,101,206242.00
La Altagracia,Punta Cana,Punta Cana Village,Villa,4,3,2,377,628082.00
La Altagracia,Punta Cana,Punta Cana Village,Villa,5,4,4,701,1169268.00
La Romana,La Romana,Buena Vista,Penthouse,3,4,2,517,1056231.00
Distrito Nacional,Santo Domingo,Naco,Apartamento,3,3,2,205,682035.00
Santo Domingo,Santo Domingo Este,San Isidro,Villa,4,4,2,626,533978.00
La Romana,La Romana,Central Romana,Apartamento,2,3,2,67,118992.00
Samaná,Las Terrenas,Cosón,Apartamento,1,3,2,220,425920.00
La Altagracia,Punta Cana,El Cortecito,Apartamento,2,2,2,220,412720.00
Santo Domingo,Santo Domingo Norte,Colinas del Arroyo,Apartamento,1,3,2,103,203940.00
Samaná,Las Terrenas,Pueblo de los Pescadores,Apartamento,4,4,2,222,341214.00
La Romana,La Romana,,Apartamento,2,1,2,181,323266.00
Santo Domingo,Santo Domingo Oeste,Villa Aura,Casa,4,3,2,227,306677.00
San Pedro de Macorís,Juan Dolio,Playa Juan Dolio,Villa,3,5,3,379,862604.00
Puerto Plata,Puerto Plata,Torre Alta,Apartamento,2,1,1,249,490530.00
Santo Domingo,Santo Domingo Oeste,Prolongación 27,Villa,6,2,4,435,477630.00
San Pedro de Macorís,Juan Dolio,Metro Country Club,Villa,5,5,4,696,1199208.00
La Romana,La Romana,Buena Vista,Villa,6,5,3,433,933115.00
Santiago,Santiago de los Caballeros,Villa Olga,Apartamento,3,4,1,232,390920.00
Santo Domingo,Santo Domingo Oeste,Villa Aura,Apartamento,1,2,1,109,205356.00
Santo Domingo,Santo Domingo Norte,Avenida Jacobo Majluta,Casa,6,4,4,657,1117557.00
Distrito Nacional,Santo Domingo,Evaristo Morales,Villa,6,6,4,200,405800.00
Puerto Plata,Puerto Plata,Torre Alta,Casa,5,4,3,609,1188768.00
La Romana,La Romana,Central Romana,Villa,6,3,3,626,1154344.00
Distrito Nacional,Santo Domingo,Renacimiento,Apartamento,4,2,2,82,94710.00
Puerto Plata,Puerto Plata,Playa Dorada,Apartamento,1,1,2,84,171780.00
Santo Domingo,Santo Domingo Norte,Villa Mella,Casa,5,3,3,514,792074.00
Puerto Plata,Puerto Plata,Costámbar,Apartamento,4,3,1,170,193630.00
La Romana,La Romana,Casa de Campo,Townhouse,3,2,1,249,456168.00
Distrito Nacional,Santo Domingo,Evaristo Morales,Casa,3,6,2,424,469792.00
San Pedro de Macorís,Juan Dolio,Playa Juan Dolio,Casa,4,5,4,442,709410.00
Santo Domingo,Santo Domingo Norte,Villa Mella,Apartamento,2,3,1,198,228096.00
Santiago,Santiago de los Caballeros,La Barranquita,Apartamento,2,1,1,76,130492.00
Samaná,Las Terrenas,Playa Bonita,Apartamento,1,3,2,219,406902.00
Santo Domingo,Santo Domingo Este,Las Américas,Apartamento,1,4,2,77,152999.00
La Altagracia,Punta Cana,White Sands,Villa,6,3,3,360,690480.00
Santiago,Santiago de los Caballeros,Villa Olga,Apartamento,3,3,1,72,120312.00
San Pedro de Macorís,Juan Dolio,Metro Country Club,Apartamento,4,3,1,176,310640.00
Santo Domingo,Santo Domingo Norte,Sabana Perdida,Casa,5,4,3,462,918456.00
Distrito Nacional,Santo Domingo,Sarasota,Penthouse,3,3,4,428,1070000.00
La Romana,La Romana,Casa de Campo,Apartamento,4,4,1,73,192574.00
Santo Domingo,Santo Domingo Oeste,Manoguayabo,Apartamento,3,3,2,191,344564.00
Puerto Plata,Puerto Plata,Playa Dorada,Apartamento,4,3,2,114,179208.00
Santo Domingo,Santo Domingo Este,Lucerna,Casa,3,6,4,369,458298.00
Santo Domingo,Santo Domingo Oeste,Manoguayabo,Casa,5,2,2,483,635145.00
La Altagracia,Punta Cana,Cap Cana,Apartamento,2,3,1,63,165753.00
Santo Domingo,Santo Domingo Norte,Sabana Perdida,Casa,3,6,3,660,1207800.00
San Pedro de Macorís,Juan Dolio,Guavaberry,Casa,3,4,3,296,290968.00
Puerto Plata,Puerto Plata,Torre Alta,Casa,3,3,2,491,502784.00
Santo Domingo,Santo Domingo Oeste,Herrera,Apartamento,4,2,2,165,330990.00
Santiago,Santiago de los Caballeros,La Barranquita,Apartamento,1,1,1,210,321720.00
Santiago,Santiago de los Caballeros,El Dorado II,Casa,4,6,2,340,290700.00
Puerto Plata,Puerto Plata,Torre Alta,Apartamento,4,3,1,109,184210.00
Santiago,Santiago de los Caballeros,Villa Olga,Casa,4,4,4,382,657040.00
Santo Domingo,Santo Domingo Este,Las Américas,Casa,4,4,2,253,245916.00
Santo Domingo,Santo Domingo Norte,Colinas del Arroyo,Apartamento,3,4,1,169,291018.00
Puerto Plata,Puerto Plata,Costámbar,Apartamento,4,4,1,203,239743.00
Puerto Plata,Puerto Plata,Costámbar,Apartamento,1,1,1,222,253524.00
Santiago,Santiago de los Caballeros,Gurabo,Apartamento,2,4,2,121,177991.00
Samaná,Las Terrenas,Cosón,Apartamento,4,1,2,139,269104.00
La Altagracia,Punta Cana,Punta Cana Village,Apartamento,2,3,2,227,479878.00
Santiago,Santiago de los Caballeros,La Barranquita,Villa,3,5,2,502,685732.00
La Altagracia,Punta Cana,Bávaro,Townhouse,4,1,2,155,187705.00
Santo Domingo,Santo Domingo Oeste,Villa Aura,Apartamento,4,4,1,102,167892.00
La Romana,La Romana,Casa de Campo,Penthouse,4,5,3,282,681312.00
Samaná,Las Terrenas,Playa Bonita,Apartamento,3,1,2,73,113880.00
Santo Domingo,Santo Domingo Este,San Isidro,Penthouse,5,3,3,369,937998.00
Santiago,Santiago de los Caballeros,La Barranquita,Villa,6,3,3,744,852624.00
Puerto Plata,Puerto Plata,Cabarete,Penthouse,5,5,2,255,526575.00
Puerto Plata,Puerto Plata,Costámbar,Penthouse,5,4,2,364,768404.00
Samaná,Las Terrenas,Pueblo de los Pescadores,Townhouse,4,2,2,187,391017.00
La Altagracia,Punta Cana,Punta Cana Village,Apartamento,4,4,2,98,155722.00
Samaná,Las Terrenas,Cosón,Casa,6,2,3,664,1523216.00
Puerto Plata,Puerto Plata,Torre Alta,Townhouse,2,4,1,82,174496.00
Samaná,Las Terrenas,Cosón,Villa,6,2,4,647,570007.00
Santo Domingo,Santo Domingo Norte,Sabana Perdida,Villa,4,2,3,451,695893.00
Samaná,Las Terrenas,Pueblo de los Pescadores,Apartamento,1,3,2,131,274969.00
La Romana,La Romana,Casa de Campo,Apartamento,2,3,1,241,479831.00
Puerto Plata,Puerto Plata,Sosúa,Apartamento,1,4,1,227,388851.00
Distrito Nacional,Santo Domingo,Piantini,Apartamento,1,3,2,145,445440.00
Santo Domingo,Santo Domingo Norte,Avenida Jacobo Majluta,Apartamento,2,2,1,70,131810.00
Samaná,Las Terrenas,Pueblo de los Pescadores,Casa,4,3,3,440,788040.00
Santiago,Santiago de los Caballeros,Gurabo,Villa,6,4,4,739,866847.00
Santo Domingo,Santo Domingo Este,San Isidro,Penthouse,5,4,4,437,879244.00
San Pedro de Macorís,Juan Dolio,Guavaberry,Casa,6,5,2,422,688282.00
Samaná,Las Terrenas,Cosón,Apartamento,3,1,2,120,133920.00
Samaná,Las Terrenas,Pueblo de los Pescadores,Apartamento,1,4,2,248,389608.00
Samaná,Las Terrenas,Cosón,Casa,4,6,3,320,683520.00
Santo Domingo,Santo Domingo Este,Lucerna,Apartamento,3,4,1,198,365706.00
Santo Domingo,Santo Domingo Norte,Villa Mella,Penthouse,4,5,3,309,590499.00
Santo Domingo,Santo Domingo Norte,Colinas del Arroyo,Apartamento,3,2,2,173,294792.00
La Altagracia,Punta Cana,Bávaro,Apartamento,1,2,1,223,426599.00
La Romana,La Romana,Buena Vista,Casa,6,2,3,729,804087.00
San Pedro de Macorís,Juan Dolio,Guavaberry,Apartamento,3,4,2,77,121506.00
San Pedro de Macorís,Juan Dolio,Metro Country Club,Apartamento,3,2,1,212,434600.00
Santiago,Santiago de los Caballeros,La Barranquita,Casa,3,2,3,684,743508.00
Santo Domingo,Santo Domingo Este,Ensanche Ozama,Villa,4,5,3,559,1242657.00
La Romana,La Romana,Buena Vista,Apartamento,2,4,1,175,338625.00
Santiago,Santiago de los Caballeros,Gurabo,Apartamento,2,4,2,110,202620.00
Santo Domingo,Santo Domingo Este,Lucerna,Apartamento,3,1,2,120,178560.00
Santo Domingo,Santo Domingo Este,Autopista San Isidro,Villa,3,3,4,201,191553.00
La Altagracia,Punta Cana,Cap Cana,Townhouse,2,1,1,200,478000.00
Santo Domingo,Santo Domingo Oeste,Villa Aura,Apartamento,1,3,1,83,133879.00
Santo Domingo,Santo Domingo Norte,Villa Mella,Apartamento,1,2,1,141,223767.00
Samaná,Las Terrenas,Cosón,Casa,5,2,2,611,1177397.00
Santo Domingo,Santo Domingo Este,Lucerna,Casa,6,4,4,291,516525.00
La Romana,La Romana,Casa de Campo,Penthouse,3,5,4,486,1594566.00
San Pedro de Macorís,Juan Dolio,Playa Juan Dolio,Townhouse,1,4,2,159,210039.00
San Pedro de Macorís,Juan Dolio,Playa Juan Dolio,Penthouse,3,3,3,531,957393.00
Santo Domingo,Santo Domingo Este,Ensanche Ozama,Casa,5,5,4,723,1050519.00
San Pedro de Macorís,Juan Dolio,Playa Juan Dolio,Apartamento,1,1,1,160,323840.00
Santo Domingo,Santo Domingo Oeste,Manoguayabo,Apartamento,4,4,2,236,305384.00
La Altagracia,Punta Cana,El Cortecito,Apartamento,3,3,1,225,465975.00
Santo Domingo,Santo Domingo Este,Alma Rosa,Villa,3,5,2,561,626076.00
La Romana,La Romana,Casa de Campo,Apartamento,3,1,2,140,426580.00
Distrito Nacional,Santo Domingo,Gazcue,Apartamento,3,1,1,89,185743.00
Santo Domingo,Santo Domingo Oeste,Herrera,Apartamento,3,1,2,196,306348.00
Puerto Plata,Puerto Plata,Playa Dorada,Townhouse,1,3,1,96,159264.00
Santiago,Santiago de los Caballeros,Villa María,Apartamento,2,2,2,67,93130.00
Distrito Nacional,Santo Domingo,Naco,Apartamento,2,4,2,166,462476.00
Santo Domingo,Santo Domingo Norte,Colinas del Arroyo,Apartamento,3,1,1,89,126558.00
Samaná,Las Terrenas,Playa Bonita,Apartamento,3,4,2,174,348870.00
Puerto Plata,Puerto Plata,Costámbar,Casa,3,4,3,293,418990.00
Samaná,Las Terrenas,Cosón,Apartamento,3,1,1,151,183012.00
Distrito Nacional,Santo Domingo,Evaristo Morales,Apartamento,2,2,2,124,219604.00
Santo Domingo,Santo Domingo Este,Alma Rosa,Apartamento,4,2,1,147,230937.00
La Romana,La Romana,Central Romana,Villa,5,2,3,223,388689.00
Distrito Nacional,Santo Domingo,El Millón,Penthouse,4,5,3,513,1194264.00
Puerto Plata,Puerto Plata,Costámbar,Casa,3,4,2,651,1472562.00
La Altagracia,Punta Cana,Bávaro,Apartamento,1,2,2,200,384000.00
La Romana,La Romana,Casa de Campo,Apartamento,3,3,1,135,302130.00
Santo Domingo,Santo Domingo Este,Las Américas,Apartamento,2,3,2,236,330872.00
Santo Domingo,Santo Domingo Oeste,Herrera,Casa,4,3,4,336,736512.00
Santo Domingo,Santo Domingo Este,Ensanche Ozama,Townhouse,4,4,2,224,394464.00
La Altagracia,Punta Cana,Cap Cana,Apartamento,4,4,2,253,651728.00
Samaná,Las Terrenas,Playa Bonita,Apartamento,1,3,2,165,194205.00
Distrito Nacional,Santo Domingo,La Julia,Villa,3,2,4,699,1144263.00
San Pedro de Macorís,Juan Dolio,Playa Juan Dolio,Apartamento,1,4,1,132,273768.00
La Romana,La Romana,Casa de Campo,Townhouse,4,1,2,232,457272.00
La Romana,La Romana,Central Romana,Casa,4,5,3,716,1374720.00
Samaná,Las Terrenas,Playa Bonita,Apartamento,3,4,2,248,444416.00
Samaná,Las Terrenas,Playa Bonita,Apartamento,3,1,2,74,139934.00
Santiago,Santiago de los Caballeros,Los Colegios,Apartamento,2,3,1,199,276411.00
La Altagracia,Punta Cana,Punta Cana Village,Townhouse,4,2,1,129,241359.00
La Altagracia,Punta Cana,Cap Cana,Apartamento,1,4,2,54,154170.00
Santiago,Santiago de los Caballeros,Cerro Alto,Townhouse,3,4,1,107,147767.00
Santo Domingo,Santo Domingo Norte,Villa Mella,Casa,3,6,4,719,666513.00
La Altagracia,Punta Cana,Cocotal,Casa,6,3,2,365,827820.00
Samaná,Las Terrenas,Playa Bonita,Apartamento,1,4,2,223,353678.00
San Pedro de Macorís,Juan Dolio,Playa Juan Dolio,Casa,6,3,4,424,628792.00
San Pedro de Macorís,Juan Dolio,Metro Country Club,Apartamento,4,4,2,249,468618.00
La Romana,La Romana,Central Romana,Apartamento,2,2,1,114,137484.00
San Pedro de Macorís,Juan Dolio,Guavaberry,Apartamento,1,1,2,71,101388.00
Santiago,Santiago de los Caballeros,Villa Olga,Penthouse,3,4,2,333,806859.00
La Altagracia,Punta Cana,Bávaro,Apartamento,4,3,1,148,187516.00
La Altagracia,Punta Cana,Cap Cana,Casa,3,4,2,320,460160.00
Santiago,Santiago de los Caballeros,Villa Olga,Apartamento,2,4,2,207,229770.00
Santo Domingo,Santo Domingo Este,Alma Rosa,Casa,4,6,4,720,1235520.00
Santo Domingo,Santo Domingo Este,Autopista San Isidro,Casa,5,2,2,424,724616.00
Samaná,Las Terrenas,Cosón,Casa,6,6,4,196,420224.00
La Romana,La Romana,Central Romana,Casa,4,4,3,181,381729.00
La Altagracia,Punta Cana,Cap Cana,Apartamento,2,1,2,67,222105.00
La Romana,La Romana,Central Romana,Casa,6,,4,576,929664.00
Distrito Nacional,Santo Domingo,La Julia,Apartamento,3,2,1,247,439660.00
Santo Domingo,Santo Domingo Norte,Villa Mella,Apartamento,3,2,2,228,474240.00
Santo Domingo,Santo Domingo Norte,Avenida Jacobo Majluta,Casa,6,2,3,386,362454.00
Santo Domingo,Santo Domingo Oeste,Herrera,Apartamento,3,4,2,114,133836.00
Santo Domingo,Santo Domingo Oeste,Villa Aura,Apartamento,1,3,2,81,150093.00
Puerto Plata,Puerto Plata,Torre Alta,Apartamento,4,3,1,177,374886.00
La Altagracia,Punta Cana,Cocotal,Casa,3,5,2,620,1291460.00
Santo Domingo,Santo Domingo Norte,Colinas del Arroyo,Apartamento,1,3,2,128,257664.00
Samaná,Las Terrenas,Pueblo de los Pescadores,Apartamento,4,3,2,60,109320.00
Samaná,Las Terrenas,Cosón,Casa,3,2,4,595,948430.00
La Romana,La Romana,Central Romana,Apartamento,1,2,2,58,78764.00
Santo Domingo,Santo Domingo Este,Ensanche Ozama,Apartamento,3,3,2,195,227370.00
Samaná,Las Terrenas,Playa Bonita,Apartamento,3,3,2,,307965.00
Santo Domingo,Santo Domingo Norte,Colinas del Arroyo,Apartamento,3,2,1,56,82936.00
San Pedro de Macorís,Juan Dolio,Playa Juan Dolio,Apartamento,1,3,2,230,462990.00
Santo Domingo,Santo Domingo Oeste,Villa Aura,Apartamento,4,2,1,84,105084.00
San Pedro de Macorís,Juan Dolio,Metro Country Club,Villa,6,2,4,507,1124019.00
La Altagracia,Punta Cana,White Sands,Casa,5,4,2,358,569220.00
La Romana,La Romana,Casa de Campo,Casa,4,3,2,685,958315.00
La Altagracia,Punta Cana,Cocotal,Apartamento,4,2,1,66,114378.00
Puerto Plata,Puerto Plata,Torre Alta,Apartamento,4,1,1,131,163881.00
San Pedro de Macorís,Juan Dolio,Guavaberry,Apartamento,3,2,1,246,335544.00
Puerto Plata,Puerto Plata,Playa Dorada,Penthouse,3,3,4,298,632356.00
Santo Domingo,Santo Domingo Norte,Avenida Jacobo Majluta,Apartamento,2,3,2,70,112910.00
Santo Domingo,Santo Domingo Oeste,Villa Aura,Casa,5,6,4,275,516725.00
Santo Domingo,Santo Domingo Norte,Avenida Jacobo Majluta,Casa,5,6,2,209,212344.00
Distrito Nacional,Santo Domingo,Mirador Sur,Casa,4,6,3,211,394359.00
La Romana,La Romana,Buena Vista,Apartamento,3,4,1,256,494336.00
Santiago,Santiago de los Caballeros,Villa Olga,Casa,3,3,3,605,1113805.00
San Pedro de Macorís,Juan Dolio,Metro Country Club,Apartamento,2,3,2,237,428259.00
Puerto Plata,Puerto Plata,Cabarete,Apartamento,1,3,1,169,228150.00
Santiago,Santiago de los Caballeros,Villa Olga,Casa,3,2,3,573,1209030.00
Puerto Plata,Puerto Plata,Cabarete,Townhouse,2,3,2,98,139748.00
San Pedro de Macorís,Juan Dolio,Playa Juan Dolio,Apartamento,3,4,1,73,139065.00
La Romana,La Romana,Buena Vista,Townhouse,2,3,1,62,103912.00
San Pedro de Macorís,Juan Dolio,Playa Juan Dolio,Villa,6,4,4,188,201160.00
Puerto Plata,Puerto Plata,Cabarete,Villa,5,5,3,226,377420.00
Distrito Nacional,Santo Domingo,Mirador Sur,Apartamento,3,3,1,148,315536.00
San Pedro de Macorís,Juan Dolio,Playa Juan Dolio,Casa,3,3,2,583,940962.00
La Altagracia,Punta Cana,Cocotal,Penthouse,3,3,4,,1114560.00
Distrito Nacional,Santo Domingo,Piantini,Casa,5,5,4,647,1158130.00
Samaná,Las Terrenas,Pueblo de los Pescadores,Casa,5,3,3,486,1003590.00
La Altagracia,Punta Cana,Cocotal,Villa,6,6,3,666,588744.00
La Altagracia,Punta Cana,Punta Cana Village,Apartamento,4,3,1,202,418342.00
Santiago,Santiago de los Caballeros,La Trinitaria,Apartamento,4,2,2,87,215151.00
Distrito Nacional,Santo Domingo,Mirador Sur,Penthouse,3,3,2,445,953190.00
Puerto Plata,Puerto Plata,Cabarete,Apartamento,2,4,2,238,292026.00
Santo Domingo,Santo Domingo Norte,Avenida Jacobo Majluta,Apartamento,4,4,2,94,191854.00
La Romana,La Romana,Buena Vista,Apartamento,3,4,1,113,188823.00
La Romana,La Romana,Buena Vista,Casa,5,4,4,392,887096.00
San Pedro de Macorís,Juan Dolio,Guavaberry,Apartamento,3,3,1,196,367892.00
Puerto Plata,Puerto Plata,Costámbar,Townhouse,2,3,1,123,155103.00
La Altagracia,Punta Cana,El Cortecito,Apartamento,4,2,1,187,309485.00
La Romana,La Romana,Central Romana,Casa,3,6,4,425,572050.00
Distrito Nacional,Santo Domingo,Sarasota,Casa,4,2,2,603,920178.00
San Pedro de Macorís,Juan Dolio,Metro Country Club,Apartamento,2,1,,154,319396.00
Santo Domingo,Santo Domingo Oeste,Villa Aura,Apartamento,1,1,1,186,218736.00
Santo Domingo,Santo Domingo Norte,Sabana Perdida,Villa,4,2,3,687,845697.00
Santiago,Santiago de los Caballeros,Gurabo,Casa,3,4,3,645,1395135.00
La Romana,La Romana,Central Romana,Apartamento,2,4,2,99,131670.00
La Altagracia,Punta Cana,Cap Cana,Apartamento,3,2,1,238,660212.00
Santiago,Santiago de los Caballeros,La Trinitaria,Casa,6,5,4,515,819365.00
Puerto Plata,Puerto Plata,Sosúa,Casa,4,5,3,434,374542.00
Santiago,Santiago de los Caballeros,La Barranquita,Casa,5,4,3,191,264535.00
La Altagracia,Punta Cana,White Sands,Casa,3,5,3,343,576240.00
La Romana,La Romana,Central Romana,Apartamento,1,3,2,207,321264.00
Santo Domingo,Santo Domingo Oeste,Prolongación 27,Apartamento,4,3,2,229,472656.00
La Romana,La Romana,Central Romana,Villa,4,6,2,718,1266552.00
La Romana,La Romana,Central Romana,Apartamento,1,1,1,196,275576.00
Santo Domingo,Santo Domingo Norte,Colinas del Arroyo,Villa,6,2,4,390,797160.00
San Pedro de Macorís,Juan Dolio,Metro Country Club,Villa,6,2,3,315,598815.00
Puerto Plata,Puerto Plata,Torre Alta,Apartamento,4,3,1,151,244771.00
Distrito Nacional,Santo Domingo,Evaristo Morales,Apartamento,1,4,2,229,281670.00
La Romana,La Romana,Casa de Campo,Penthouse,3,4,2,366,1325652.00
Santo Domingo,Santo Domingo Norte,Avenida Jacobo Majluta,Apartamento,4,3,2,164,307172.00
Puerto Plata,Puerto Plata,Sosúa,Apartamento,2,3,1,95,180880.00
La Romana,La Romana,Casa de Campo,Apartamento,2,1,1,126,399924.00
La Romana,La Romana,Buena Vista,Apartamento,2,2,2,138,195546.00
Santiago,Santiago de los Caballeros,La Trinitaria,Penthouse,5,3,2,434,1855784.00
Distrito Nacional,Santo Domingo,Evaristo Morales,Casa,3,6,2,637,1321138.00
Distrito Nacional,Santo Domingo,Evaristo Morales,Apartamento,4,4,1,188,290272.00
Distrito Nacional,Santo Domingo,Bella Vista,Apartamento,3,2,2,197,345932.00
Santo Domingo,Santo Domingo Oeste,Villa Aura,Villa,4,5,3,461,449014.00
La Romana,La Romana,Central Romana,Villa,4,5,4,687,649902.00
La Altagracia,Punta Cana,White Sands,Apartamento,3,4,2,88,150832.00
Puerto Plata,Puerto Plata,Cabarete,Apartamento,4,2,1,126,175770.00
San Pedro de Macorís,Juan Dolio,Metro Country Club,Apartamento,4,2,2,112,181664.00
Santo Domingo,Santo Domingo Oeste,Villa Aura,Apartamento,4,3,1,187,278630.00
Distrito Nacional,Santo Domingo,Gazcue,Apartamento,1,1,1,255,393720.00
San Pedro de Macorís,Juan Dolio,Metro Country Club,Villa,5,4,2,396,490644.00
Santo Domingo,Santo Domingo Este,Lucerna,Townhouse,4,2,1,151,240090.00
La Romana,La Romana,Buena Vista,Apartamento,4,4,2,128,209280.00
La Altagracia,Punta Cana,Cocotal,Villa,6,2,4,660,993300.00
Santo Domingo,Santo Domingo Oeste,Villa Aura,Apartamento,1,2,1,54,88236.00
La Romana,La Romana,Central Romana,Apartamento,4,3,1,100,177500.00
Santo Domingo,Santo Domingo Oeste,Manoguayabo,Apartamento,2,4,2,115,241500.00
San Pedro de Macorís,Juan Dolio,Guavaberry,Casa,5,3,2,739,1367150.00
Santo Domingo,Santo Domingo Norte,Villa Mella,Apartamento,1,1,1,155,214055.00
Santo Domingo,Santo Domingo Oeste,Herrera,Apartamento,1,2,2,145,177335.00
Samaná,Las Terrenas,Pueblo de los Pescadores,Apartamento,4,4,1,51,99042.00
Distrito Nacional,Santo Domingo,Piantini,Apartamento,3,3,1,178,546460.00
Santo Domingo,Santo Domingo Norte,Villa Mella,Penthouse,5,3,2,318,880542.00
La Romana,La Romana,Buena Vista,Villa,5,5,2,562,944722.00
San Pedro de Macorís,Juan Dolio,Playa Juan Dolio,Casa,4,4,4,262,573256.00
Distrito Nacional,Santo Domingo,Naco,Apartamento,4,4,1,213,369342.00
Santo Domingo,Santo Domingo Norte,Villa Mella,Apartamento,4,3,1,185,219595.00
Santo Domingo,Santo Domingo Oeste,Prolongación 27,Penthouse,5,5,3,358,571010.00
Santo Domingo,Santo Domingo Este,Lucerna,Penthouse,5,5,4,236,440612.00
La Altagracia,Punta Cana,Bávaro,Townhouse,2,4,1,126,180432.00
Samaná,Las Terrenas,Playa Bonita,Apartamento,4,3,2,243,336798.00
Santo Domingo,Santo Domingo Este,Las Américas,Apartamento,3,1,1,161,253575.00
Santo Domingo,Santo Domingo Este,Coral Mall,Apartamento,4,3,1,212,351708.00
San Pedro de Macorís,Juan Dolio,Guavaberry,Casa,6,5,2,569,583225.00
Samaná,Las Terrenas,Cosón,Apartamento,1,1,2,89,167142.00
Santo Domingo,Santo Domingo Norte,Sabana Perdida,Apartamento,1,1,1,128,257280.00
La Altagracia,Punta Cana,Punta Cana Village,Casa,3,3,3,639,1271610.00
La Romana,La Romana,Central Romana,Apartamento,1,1,2,191,246390.00
Samaná,Las Terrenas,Pueblo de los Pescadores,Apartamento,4,1,2,155,293570.00
Santo Domingo,Santo Domingo Este,Lucerna,Penthouse,3,5,4,306,697374.00
Santo Domingo,Santo Domingo Norte,Avenida Jacobo Majluta,Casa,5,5,2,244,290848.00
Puerto Plata,Puerto Plata,Costámbar,Apartamento,4,1,2,114,182970.00
San Pedro de Macorís,Juan Dolio,Playa Juan Dolio,Apartamento,4,1,1,127,141351.00
Puerto Plata,Puerto Plata,Costámbar,Villa,6,4,3,522,903582.00
Samaná,Las Terrenas,Playa Bonita,Apartamento,2,4,2,95,181925.00
La Altagracia,Punta Cana,Punta Cana Village,Apartamento,4,2,2,146,244404.00
Puerto Plata,Puerto Plata,Costámbar,Casa,4,6,4,364,817544.00
La Romana,La Romana,Casa de Campo,Townhouse,4,2,2,254,667512.00
Santo Domingo,Santo Domingo Este,Autopista San Isidro,Villa,6,5,2,490,659050.00
Santiago,Santiago de los Caballeros,Cerro Alto,Apartamento,4,1,2,203,422443.00
Samaná,Las Terrenas,Cosón,Apartamento,4,1,2,229,291746.00
Santo Domingo,Santo Domingo Este,Autopista San Isidro,Casa,5,3,4,225,450675.00
Puerto Plata,Puerto Plata,Costámbar,Townhouse,4,1,1,75,122175.00
Santo Domingo,Santo Domingo Oeste,Prolongación 27,Apartamento,4,4,1,138,158700.00
San Pedro de Macorís,Juan Dolio,Metro Country Club,Casa,3,2,4,325,507975.00
Santiago,Santiago de los Caballeros,Villa María,Apartamento,2,4,2,171,222129.00
San Pedro de Macorís,Juan Dolio,Playa Juan Dolio,Apartamento,3,1,2,61,81435.00
Distrito Nacional,Santo Domingo,La Julia,Apartamento,2,2,1,191,272557.00
La Altagracia,Punta Cana,Cocotal,Apartamento,4,2,2,211,311647.00
Santo Domingo,Santo Domingo Norte,Sabana Perdida,Apartamento,2,4,2,149,165241.00
Santo Domingo,Santo Domingo Oeste,Prolongación 27,Casa,3,6,2,729,898128.00
La Altagracia,Punta Cana,Punta Cana Village,Casa,3,4,4,681,1314330.00
La Altagracia,Punta Cana,Cocotal,Apartamento,4,1,2,140,285180.00
Samaná,Las Terrenas,Playa Bonita,Villa,5,6,4,266,592116.00
Santo Domingo,Santo Domingo Norte,Colinas del Arroyo,Casa,5,2,2,562,1275740.00
Santo Domingo,Santo Domingo Norte,Sabana Perdida,Apartamento,2,4,2,97,203312.00
La Romana,La Romana,Central Romana,Penthouse,3,5,2,470,982770.00
Santo Domingo,Santo Domingo Norte,Avenida Jacobo Majluta,Apartamento,4,1,2,52,108784.00
Santo Domingo,Santo Domingo Norte,Avenida Jacobo Majluta,Villa,6,5,4,683,1161783.00
San Pedro de Macorís,Juan Dolio,Guavaberry,Casa,3,3,3,213,300756.00
Santo Domingo,Santo Domingo Oeste,Villa Aura,Casa,6,6,4,687,1356825.00
La Romana,La Romana,Casa de Campo,Apartamento,3,3,1,,757376.00
Santo Domingo,Santo Domingo Oeste,Manoguayabo,Casa,4,4,2,640,888320.00
La Altagracia,Punta Cana,Bávaro,Apartamento,1,2,1,257,467226.00
Samaná,Las Terrenas,Pueblo de los Pescadores,Apartamento,2,2,1,256,312576.00
Samaná,Las Terrenas,Cosón,Apartamento,2,3,2,124,204228.00
La Romana,La Romana,Central Romana,Villa,4,5,2,463,1015359.00
Santo Domingo,Santo Domingo Norte,Avenida Jacobo Majluta,Casa,5,3,4,582,1077864.00
Santo Domingo,Santo Domingo Norte,Colinas del Arroyo,Apartamento,4,4,1,212,273480.00
Puerto Plata,Puerto Plata,Playa Dorada,Apartamento,3,4,2,133,146965.00
Santo Domingo,Santo Domingo Este,Lucerna,Townhouse,3,1,2,105,207795.00
Santo Domingo,Santo Domingo Oeste,Manoguayabo,Casa,5,4,4,313,628817.00
San Pedro de Macorís,Juan Dolio,Guavaberry,Villa,3,2,2,650,573950.00
Santo Domingo,Santo Domingo Este,Autopista San Isidro,Casa,6,2,3,387,874620.00
Santo Domingo,Santo Domingo Norte,Colinas del Arroyo,Casa,5,2,4,549,747738.00
Santo Domingo,Santo Domingo Este,Coral Mall,Apartamento,2,1,2,210,362250.00
Santo Domingo,Santo Domingo Oeste,Manoguayabo,Apartamento,1,1,1,172,216548.00
Santo Domingo,Santo Domingo Norte,Avenida Jacobo Majluta,Apartamento,4,1,1,228,411084.00
Santo Domingo,Santo Domingo Este,Autopista San Isidro,Apartamento,2,4,1,108,203472.00
Santo Domingo,Santo Domingo Este,Lucerna,Villa,3,4,3,486,549180.00
Puerto Plata,Puerto Plata,Cabarete,Apartamento,2,1,1,206,295816.00
San Pedro de Macorís,Juan Dolio,Guavaberry,Apartamento,2,4,2,105,134085.00
Santo Domingo,Santo Domingo Este,Ensanche Ozama,Apartamento,4,3,2,130,180180.00
Santo Domingo,Santo Domingo Oeste,Villa Aura,Apartamento,2,3,1,218,374306.00
Santo Domingo,Santo Domingo Oeste,Prolongación 27,Apartamento,3,1,1,176,332640.00
Santo Domingo,Santo Domingo Este,Ensanche Ozama,Apartamento,1,1,2,131,179470.00
Puerto Plata,Puerto Plata,Playa Dorada,Apartamento,2,4,1,54,66852.00
Distrito Nacional,Santo Domingo,Gazcue,Casa,3,5,4,473,1010801.00
La Romana,La Romana,Buena Vista,Apartamento,4,1,1,121,153791.00
Santiago,Santiago de los Caballeros,El Dorado II,Apartamento,2,2,2,150,185250.00
Santiago,Santiago de los Caballeros,La Barranquita,Apartamento,2,1,1,72,143208.00
Santo Domingo,Santo Domingo Este,San Isidro,Apartamento,1,3,1,80,90000.00
Santo Domingo,Santo Domingo Norte,Villa Mella,Casa,5,6,4,445,529995.00
La Altagracia,Punta Cana,Cap Cana,Apartamento,3,1,1,135,414045.00
Santiago,Santiago de los Caballeros,El Dorado II,Casa,3,5,3,703,1115661.00
Distrito Nacional,Santo Domingo,El Millón,Villa,4,4,2,441,467460.00
Samaná,Las Terrenas,Pueblo de los Pescadores,Apartamento,2,1,1,53,84800.00
Distrito Nacional,Santo Domingo,El Millón,Apartamento,2,2,1,191,373978.00
Santo Domingo,Santo Domingo Oeste,Villa Aura,Casa,5,4,2,561,613734.00
La Romana,La Romana,Central Romana,Penthouse,3,3,4,243,564003.00
Santo Domingo,Santo Domingo Este,San Isidro,Villa,5,4,2,746,1331610.00
Distrito Nacional,Santo Domingo,La Julia,Casa,5,6,2,655,1050620.00
Samaná,Las Terrenas,Cosón,Townhouse,2,2,1,51,98889.00
Distrito Nacional,Santo Domingo,Evaristo Morales,Apartamento,1,3,1,244,456280.00
Santiago,Santiago de los Caballeros,El Dorado II,Casa,4,5,3,241,274981.00
Santiago,Santiago de los Caballeros,El Dorado II,Casa,4,6,3,561,1003068.00
Santo Domingo,Santo Domingo Este,Las Américas,Casa,4,5,2,243,422820.00
Santo Domingo,Santo Domingo Norte,Avenida Jacobo Majluta,Casa,5,5,4,514,771514.00
San Pedro de Macorís,Juan Dolio,Guavaberry,Casa,4,3,4,291,339888.00
Santo Domingo,Santo Domingo Este,Ensanche Ozama,Apartamento,3,4,1,187,342771.00
Santo Domingo,Santo Domingo Oeste,Manoguayabo,Apartamento,3,1,1,90,155070.00
Samaná,Las Terrenas,Playa Bonita,Casa,5,3,2,434,684852.00
Puerto Plata,Puerto Plata,Playa Dorada,Casa,5,4,2,211,354058.00
San Pedro de Macorís,Juan Dolio,Playa Juan Dolio,Apartamento,2,1,2,76,105336.00
Santo Domingo,Santo Domingo Este,Alma Rosa,Casa,4,3,2,590,951080.00
Santo Domingo,Santo Domingo Este,Las Américas,Apartamento,1,1,1,100,200800.00
Santo Domingo,Santo Domingo Norte,Villa Mella,Penthouse,4,3,2,456,730968.00
Santo Domingo,Santo Domingo Norte,Sabana Perdida,Villa,6,5,2,571,1284179.00
Puerto Plata,Puerto Plata,Cabarete,Apartamento,2,3,2,164,230256.00
Distrito Nacional,Santo Domingo,Mirador Sur,Apartamento,2,3,2,155,322555.00
Distrito Nacional,Santo Domingo,Naco,Casa,4,5,2,718,1513544.00
La Romana,La Romana,Casa de Campo,Townhouse,3,4,2,138,455124.00
La Altagracia,Punta Cana,El Cortecito,Casa,3,4,4,404,367640.00
Santiago,Santiago de los Caballeros,Gurabo,Villa,6,6,3,418,491568.00
Santo Domingo,Santo Domingo Este,Ensanche Ozama,Apartamento,3,1,1,197,373315.00
La Altagracia,Punta Cana,Cap Cana,Casa,5,4,4,208,738192.00
La Altagracia,Punta Cana,Cocotal,Apartamento,2,4,2,94,197776.00
Distrito Nacional,Santo Domingo,Naco,Casa,4,2,4,669,882411.00
La Altagracia,Punta Cana,Cocotal,Casa,4,4,4,361,545832.00
Distrito Nacional,Santo Domingo,Piantini,Casa,4,2,4,553,854938.00
La Altagracia,Punta Cana,White Sands,Penthouse,4,5,2,392,830256.00
La Altagracia,Punta Cana,Cap Cana,Townhouse,4,4,2,94,266584.00
Santo Domingo,Santo Domingo Oeste,Prolongación 27,Apartamento,3,2,1,236,260308.00
Samaná,Las Terrenas,Cosón,Villa,3,3,4,505,1061510.00
Santo Domingo,Santo Domingo Oeste,Herrera,Penthouse,3,4,4,259,514633.00
La Altagracia,Punta Cana,Punta Cana Village,Casa,3,4,3,191,266063.00
Santo Domingo,Santo Domingo Oeste,Prolongación 27,Apartamento,3,3,1,234,257868.00
Distrito Nacional,Santo Domingo,Renacimiento,Apartamento,4,2,2,176,330000.00
La Altagracia,Punta Cana,Cocotal,Apartamento,4,2,1,165,206250.00
Distrito Nacional,Santo Domingo,Gazcue,Casa,5,2,2,530,634940.00
Puerto Plata,Puerto Plata,Cabarete,Apartamento,1,3,2,230,267490.00
Puerto Plata,Puerto Plata,Cabarete,Apartamento,4,2,1,75,133350.00
Santo Domingo,Santo Domingo Oeste,Prolongación 27,Apartamento,3,3,2,110,142560.00
Distrito Nacional,Santo Domingo,Renacimiento,Apartamento,4,2,1,142,157194.00
Puerto Plata,Puerto Plata,Sosúa,Casa,6,3,2,206,262238.00
Santo Domingo,Santo Domingo Norte,Colinas del Arroyo,Townhouse,4,1,2,250,478500.00
San Pedro de Macorís,Juan Dolio,Guavaberry,Villa,5,2,4,737,1210891.00
Santo Domingo,Santo Domingo Norte,Colinas del Arroyo,Villa,5,3,3,225,312525.00
San Pedro de Macorís,Juan Dolio,Guavaberry,Casa,5,6,2,334,760184.00
Santo Domingo,Santo Domingo Este,Alma Rosa,Apartamento,4,2,1,149,291593.00
La Romana,La Romana,Central Romana,Villa,6,6,2,667,975154.00
Santo Domingo,Santo Domingo Este,San Isidro,Penthouse,5,3,4,512,1309696.00
Samaná,Las Terrenas,Pueblo de los Pescadores,Townhouse,2,1,2,94,135548.00
Santo Domingo,Santo Domingo Oeste,Prolongación 27,Casa,6,2,4,625,789375.00
Santo Domingo,Santo Domingo Norte,Colinas del Arroyo,Apartamento,1,1,2,192,367296.00
La Romana,La Romana,Buena Vista,Villa,6,2,4,715,1221935.00
Santo Domingo,Santo Domingo Este,San Isidro,Casa,3,2,4,283,406105.00
La Romana,La Romana,Buena Vista,Villa,5,5,4,677,1368217.00
Samaná,Las Terrenas,Cosón,Casa,5,5,2,591,549039.00
Puerto Plata,Puerto Plata,Costámbar,Apartamento,1,4,2,145,165445.00
La Altagracia,Punta Cana,Punta Cana Village,Apartamento,4,1,1,84,144060.00
San Pedro de Macorís,Juan Dolio,Guavaberry,Casa,6,6,4,271,334414.00
San Pedro de Macorís,Juan Dolio,Metro Country Club,Penthouse,4,5,3,484,1096260.00
Distrito Nacional,Santo Domingo,Sarasota,Apartamento,1,3,2,84,97356.00
Santo Domingo,Santo Domingo Norte,Avenida Jacobo Majluta,Villa,4,2,2,213,379992.00
Distrito Nacional,Santo Domingo,La Julia,Apartamento,3,3,2,179,342248.00
Santo Domingo,Santo Domingo Este,Lucerna,Casa,5,5,4,636,771468.00
San Pedro de Macorís,Juan Dolio,Playa Juan Dolio,Apartamento,3,2,2,241,309685.00
Santiago,Santiago de los Caballeros,Gurabo,Apartamento,2,2,1,215,335615.00
Santo Domingo,Santo Domingo Oeste,Villa Aura,Apartamento,1,1,2,83,120682.00
Samaná,Las Terrenas,Playa Bonita,Casa,5,4,3,565,883660.00
San Pedro de Macorís,Juan Dolio,Guavaberry,Casa,5,6,4,586,1199542.00
Santo Domingo,Santo Domingo Este,Alma Rosa,Apartamento,3,3,2,225,297225.00
San Pedro de Macorís,Juan Dolio,Metro Country Club,Apartamento,3,3,2,116,198476.00
Santo Domingo,Santo Domingo Oeste,Prolongación 27,Apartamento,2,1,2,219,384126.00
Santo Domingo,Santo Domingo Norte,Villa Mella,Apartamento,3,3,2,153,289935.00
Distrito Nacional,Santo Domingo,Mirador Sur,Apartamento,2,3,1,225,466650.00
La Altagracia,Punta Cana,Cocotal,Apartamento,2,2,2,74,152736.00
Santo Domingo,Santo Domingo Norte,Colinas del Arroyo,Apartamento,2,3,1,106,193662.00
Santo Domingo,Santo Domingo Oeste,Villa Aura,Apartamento,3,3,2,199,338698.00
San Pedro de Macorís,Juan Dolio,Metro Country Club,Apartamento,1,4,1,178,239410.00
Puerto Plata,Puerto Plata,Playa Dorada,Casa,3,3,2,385,597135.00
Puerto Plata,Puerto Plata,Playa Dorada,Villa,6,3,3,364,369460.00
San Pedro de Macorís,Juan Dolio,Guavaberry,Apartamento,2,3,1,51,103275.00
Santiago,Santiago de los Caballeros,La Trinitaria,Apartamento,2,2,2,251,497984.00
Santo Domingo,Santo Domingo Norte,Sabana Perdida,Apartamento,4,4,2,148,164132.00
Distrito Nacional,Santo Domingo,Sarasota,Casa,5,2,3,723,896520.00
Distrito Nacional,Santo Domingo,Piantini,Apartamento,2,2,2,129,272706.00
Santo Domingo,Santo Domingo Este,San Isidro,Apartamento,3,2,1,260,310180.00
Santiago,Santiago de los Caballeros,Los Colegios,Apartamento,3,4,1,137,288111.00
La Altagracia,Punta Cana,Cap Cana,Casa,6,2,2,409,708388.00
Santo Domingo,Santo Domingo Oeste,Herrera,Apartamento,2,1,2,232,272832.00
Puerto Plata,Puerto Plata,Costámbar,Apartamento,1,1,1,217,247380.00
Distrito Nacional,Santo Domingo,Naco,Apartamento,4,1,2,171,374490.00
Santo Domingo,Santo Domingo Oeste,Herrera,Apartamento,1,3,1,157,206298.00
La Romana,La Romana,Central Romana,Apartamento,3,1,1,177,266562.00
Samaná,Las Terrenas,Playa Bonita,Apartamento,2,3,2,125,178500.00
Distrito Nacional,Santo Domingo,Sarasota,Apartamento,2,4,2,110,121550.00
Distrito Nacional,Santo Domingo,Naco,Penthouse,5,5,3,296,772560.00
La Romana,La Romana,Casa de Campo,Apartamento,1,3,1,166,438904.00
Santiago,Santiago de los Caballeros,Villa Olga,Casa,4,2,3,548,1225328.00
La Altagracia,Punta Cana,El Cortecito,Apartamento,1,1,1,85,123165.00
La Altagracia,Punta Cana,Punta Cana Village,Villa,5,2,3,530,648720.00
Santo Domingo,Santo Domingo Este,San Isidro,Apartamento,4,3,2,226,469854.00
Puerto Plata,Puerto Plata,Cabarete,Casa,3,3,2,606,1247754.00
San Pedro de Macorís,Juan Dolio,Playa Juan Dolio,Apartamento,2,4,2,206,238754.00
Santo Domingo,Santo Domingo Norte,Sabana Perdida,Penthouse,3,4,3,243,395847.00
Santiago,Santiago de los Caballeros,Villa María,Casa,4,4,4,715,1615185.00
Samaná,Las Terrenas,Playa Bonita,Apartamento,2,4,2,219,413472.00
Santo Domingo,Santo Domingo Norte,Villa Mella,Casa,4,6,3,687,816156.00
Santo Domingo,Santo Domingo Este,Autopista San Isidro,Apartamento,2,3,2,62,132556.00
Santo Domingo,Santo Domingo Oeste,Manoguayabo,Apartamento,2,1,2,163,328771.00
Santo Domingo,Santo Domingo Este,Autopista San Isidro,Apartamento,3,1,2,240,272640.00
Santo Domingo,Santo Domingo Este,San Isidro,Apartamento,1,1,2,180,274140.00
San Pedro de Macorís,Juan Dolio,Guavaberry,Apartamento,1,2,2,134,277112.00
La Altagracia,Punta Cana,White Sands,Apartamento,1,2,1,137,250299.00
Santiago,Santiago de los Caballeros,Villa María,Apartamento,1,2,2,85,164730.00
Santo Domingo,Santo Domingo Este,Coral Mall,Apartamento,2,1,2,105,213780.00
Santo Domingo,Santo Domingo Oeste,Villa Aura,Casa,6,2,4,306,542232.00
San Pedro de Macorís,Juan Dolio,Playa Juan Dolio,Apartamento,2,4,1,185,221815.00
La Romana,La Romana,Buena Vista,Villa,6,6,2,357,396984.00
Santo Domingo,Santo Domingo Este,San Isidro,Apartamento,3,4,2,205,329640.00
Santiago,Santiago de los Caballeros,La Barranquita,Townhouse,3,4,1,85,165325.00
Samaná,Las Terrenas,Pueblo de los Pescadores,Villa,5,6,3,746,1600170.00
Santo Domingo,Santo Domingo Oeste,Prolongación 27,Casa,5,4,4,315,687015.00
Santo Domingo,Santo Domingo Norte,Colinas del Arroyo,Apartamento,3,4,2,222,374070.00
Puerto Plata,Puerto Plata,Sosúa,Apartamento,1,4,1,63,76545.00
Santo Domingo,Santo Domingo Oeste,Villa Aura,Apartamento,2,3,2,87,106749.00
Santiago,Santiago de los Caballeros,La Trinitaria,Apartamento,1,3,2,76,183616.00
La Romana,La Romana,Buena Vista,Casa,5,2,3,576,980928.00
La Altagracia,Punta Cana,Cocotal,Casa,5,3,4,633,829863.00
La Altagracia,Punta Cana,Cocotal,Apartamento,2,2,2,164,239932.00
Santo Domingo,Santo Domingo Este,Ensanche Ozama,Townhouse,1,4,1,159,265689.00
La Romana,La Romana,Buena Vista,Casa,5,2,3,657,766719.00
Distrito Nacional,Santo Domingo,Bella Vista,Penthouse,5,3,4,535,1527425.00
Santiago,Santiago de los Caballeros,Villa Olga,Apartamento,3,1,2,184,285200.00
Santo Domingo,Santo Domingo Norte,Villa Mella,Apartamento,2,4,2,73,132495.00
Santo Domingo,Santo Domingo Oeste,Prolongación 27,Apartamento,3,3,2,105,217560.00
La Romana,La Romana,Central Romana,Casa,5,5,2,429,399399.00
La Altagracia,Punta Cana,El Cortecito,Penthouse,3,4,3,496,1031184.00
Distrito Nacional,Santo Domingo,Sarasota,Villa,5,6,4,636,1174056.00
Distrito Nacional,Santo Domingo,Gazcue,Villa,4,4,4,264,276144.00
Santo Domingo,Santo Domingo Norte,Villa Mella,Apartamento,2,2,2,76,115596.00
La Romana,La Romana,Central Romana,Villa,6,2,4,337,302626.00
San Pedro de Macorís,Juan Dolio,Playa Juan Dolio,Apartamento,1,1,1,95,153425.00
La Romana,La Romana,Casa de Campo,Apartamento,2,3,2,149,467115.00
Puerto Plata,Puerto Plata,Torre Alta,Apartamento,4,1,1,214,263006.00
Samaná,Las Terrenas,Playa Bonita,Apartamento,1,3,1,124,212908.00
Samaná,Las Terrenas,Playa Bonita,Casa,6,5,3,211,384020.00
Santo Domingo,Santo Domingo Norte,Avenida Jacobo Majluta,Casa,6,6,3,327,477420.00
La Altagracia,Punta Cana,Bávaro,Apartamento,2,1,1,51,97257.00
La Romana,La Romana,Central Romana,Penthouse,4,3,4,396,765468.00
Puerto Plata,Puerto Plata,Playa Dorada,Casa,4,3,4,438,546186.00
Santo Domingo,Santo Domingo Este,Ensanche Ozama,Apartamento,1,4,1,124,153388.00
Santiago,Santiago de los Caballeros,El Dorado II,Casa,6,4,3,311,691664.00
Santo Domingo,Santo Domingo Oeste,Herrera,Casa,3,3,3,677,1199644.00
La Altagracia,Punta Cana,Cocotal,Apartamento,2,3,2,159,229755.00
Distrito Nacional,Santo Domingo,La Julia,Casa,4,5,3,548,616500.00
La Altagracia,Punta Cana,El Cortecito,Apartamento,3,3,2,191,252502.00
Santo Domingo,Santo Domingo Norte,Villa Mella,Villa,4,6,2,449,957717.00
Santo Domingo,Santo Domingo Este,Lucerna,Casa,3,6,4,211,430651.00
Samaná,Las Terrenas,Cosón,Apartamento,2,1,2,189,390474.00
Santo Domingo,Santo Domingo Norte,Colinas del Arroyo,Apartamento,3,2,2,178,381810.00
Santo Domingo,Santo Domingo Este,San Isidro,Apartamento,1,2,1,243,337041.00
San Pedro de Macorís,Juan Dolio,Metro Country Club,Casa,4,5,3,221,286858.00
San Pedro de Macorís,Juan Dolio,Metro Country Club,Casa,5,3,2,391,746810.00
La Altagracia,Punta Cana,El Cortecito,Apartamento,4,1,1,216,380808.00
Santo Domingo,Santo Domingo Este,Lucerna,Townhouse,3,3,1,146,273750.00
La Altagracia,Punta Cana,Cocotal,Apartamento,1,3,2,107,206617.00
La Altagracia,Punta Cana,Punta Cana Village,Apartamento,4,1,1,162,233118.00
Santo Domingo,Santo Domingo Oeste,Herrera,Apartamento,3,2,1,97,137934.00
La Altagracia,Punta Cana,Cocotal,Apartamento,1,2,2,257,456432.00
Santo Domingo,Santo Domingo Este,San Isidro,Apartamento,4,2,1,215,417315.00
Distrito Nacional,Santo Domingo,Evaristo Morales,Casa,4,3,4,704,654720.00
Samaná,Las Terrenas,Playa Bonita,Casa,5,3,4,595,1235815.00
Samaná,Las Terrenas,Pueblo de los Pescadores,Casa,5,2,,639,1336788.00
San Pedro de Macorís,Juan Dolio,Metro Country Club,Casa,6,6,2,366,778116.00
La Romana,La Romana,Buena Vista,Casa,5,5,4,250,330000.00
Puerto Plata,Puerto Plata,Torre Alta,Casa,3,3,4,696,1566696.00
Puerto Plata,Puerto Plata,Cabarete,Apartamento,2,4,1,250,532500.00
Santo Domingo,Santo Domingo Este,Alma Rosa,Apartamento,2,1,2,183,358863.00
La Altagracia,Punta Cana,Bávaro,Apartamento,4,2,2,252,473760.00
La Altagracia,Punta Cana,Cocotal,Villa,3,5,2,440,803880.00
Santo Domingo,Santo Domingo Oeste,Herrera,Casa,6,4,2,185,159840.00
Samaná,Las Terrenas,Pueblo de los Pescadores,Casa,3,5,4,390,880620.00
La Altagracia,Punta Cana,El Cortecito,Apartamento,2,4,2,116,228172.00
Samaná,Las Terrenas,Cosón,Apartamento,4,2,2,191,398808.00
Santo Domingo,Santo Domingo Norte,Colinas del Arroyo,Apartamento,4,3,2,197,355585.00
Puerto Plata,Puerto Plata,Cabarete,Villa,3,3,3,345,363975.00
Santo Domingo,Santo Domingo Oeste,Manoguayabo,Apartamento,1,2,2,212,235320.00
Santo Domingo,Santo Domingo Este,Autopista San Isidro,Casa,6,2,2,449,585496.00
La Altagracia,Punta Cana,Bávaro,Apartamento,4,4,2,232,282344.00
Santo Domingo,Santo Domingo Norte,Sabana Perdida,Apartamento,2,3,1,58,124410.00
La Romana,La Romana,Central Romana,Casa,4,2,3,424,928984.00
Distrito Nacional,Santo Domingo,Bella Vista,Casa,5,5,3,584,981120.00
Samaná,Las Terrenas,Playa Bonita,Apartamento,1,1,2,235,425820.00
La Altagracia,Punta Cana,Punta Cana Village,Casa,4,5,3,184,254656.00
Santo Domingo,Santo Domingo Norte,Sabana Perdida,Apartamento,1,3,2,79,128533.00
La Romana,La Romana,Central Romana,Casa,6,5,4,675,909900.00
La Altagracia,Punta Cana,El Cortecito,Apartamento,1,4,1,116,143608.00
Puerto Plata,Puerto Plata,Cabarete,Apartamento,2,3,2,140,156660.00
Santiago,Santiago de los Caballeros,La Trinitaria,Casa,6,4,2,747,1406601.00
San Pedro de Macorís,Juan Dolio,Guavaberry,Apartamento,3,2,1,177,266916.00
Santo Domingo,Santo Domingo Oeste,Prolongación 27,Villa,4,3,2,435,920460.00
La Altagracia,Punta Cana,Cap Cana,Apartamento,1,1,2,207,357075.00
La Romana,La Romana,Casa de Campo,Villa,5,6,3,684,2147760.00
Santiago,Santiago de los Caballeros,Villa Olga,Casa,5,5,2,311,298560.00
La Romana,La Romana,Buena Vista,Apartamento,1,3,2,225,327825.00
San Pedro de Macorís,Juan Dolio,Metro Country Club,Apartamento,4,3,1,53,81143.00
Puerto Plata,Puerto Plata,Playa Dorada,Casa,5,6,3,371,731983.00
Santiago,Santiago de los Caballeros,La Trinitaria,Casa,5,4,2,690,1836780.00
Santo Domingo,Santo Domingo Oeste,Manoguayabo,Apartamento,3,3,2,121,244783.00
Santo Domingo,Santo Domingo Norte,Avenida Jacobo Majluta,Townhouse,2,1,2,255,403410.00
La Romana,La Romana,Buena Vista,Villa,4,3,4,333,605394.00
Distrito Nacional,Santo Domingo,Bella Vista,Apartamento,2,3,2,126,203238.00
La Romana,La Romana,Central Romana,Casa,3,3,2,400,548000.00
San Pedro de Macorís,Juan Dolio,Playa Juan Dolio,Casa,5,4,3,548,1094356.00
La Romana,La Romana,Buena Vista,Apartamento,4,1,2,223,336061.00
Samaná,Las Terrenas,Pueblo de los Pescadores,Apartamento,2,3,2,133,285285.00
San Pedro de Macorís,Juan Dolio,Playa Juan Dolio,Apartamento,1,4,2,168,234528.00
Santo Domingo,Santo Domingo Norte,Colinas del Arroyo,Apartamento,4,1,1,91,164073.00
Santo Domingo,Santo Domingo Oeste,Villa Aura,Apartamento,3,3,2,119,239309.00
La Altagracia,Punta Cana,White Sands,Apartamento,4,4,1,97,111259.00
Santo Domingo,Santo Domingo Norte,Avenida Jacobo Majluta,Apartamento,1,2,1,151,197810.00
Santo Domingo,Santo Domingo Este,Alma Rosa,Penthouse,4,5,2,233,538929.00
La Romana,La Romana,Casa de Campo,Casa,4,2,4,579,1330542.00
Santo Domingo,Santo Domingo Oeste,Prolongación 27,Apartamento,4,2,1,184,266616.00
Distrito Nacional,Santo Domingo,Piantini,Apartamento,3,4,2,188,482784.00
La Romana,La Romana,Buena Vista,Casa,4,6,4,647,1385874.00
Samaná,Las Terrenas,Cosón,Apartamento,3,3,2,188,294220.00
Santo Domingo,Santo Domingo Este,San Isidro,Apartamento,4,3,1,127,142367.00
Distrito Nacional,Santo Domingo,Sarasota,Villa,4,4,3,660,1283700.00
Distrito Nacional,Santo Domingo,El Millón,Penthouse,4,4,2,440,923560.00
Samaná,Las Terrenas,Playa Bonita,Apartamento,3,2,2,193,385035.00
Puerto Plata,Puerto Plata,Cabarete,Casa,6,5,2,449,454388.00
Puerto Plata,Puerto Plata,Cabarete,Apartamento,3,3,2,155,230175.00
Santo Domingo,Santo Domingo Este,Ensanche Ozama,Casa,3,5,4,643,904701.00
Samaná,Las Terrenas,Cosón,Casa,3,3,2,727,650665.00
Santo Domingo,Santo Domingo Norte,Villa Mella,Casa,4,5,4,188,249288.00
Santo Domingo,Santo Domingo Este,Ensanche Ozama,Casa,4,4,3,499,933130.00
La Altagracia,Punta Cana,El Cortecito,Apartamento,1,3,1,242,338558.00
Distrito Nacional,Santo Domingo,Gazcue,Apartamento,1,4,1,99,159588.00
Puerto Plata,Puerto Plata,Sosúa,Casa,4,5,3,433,397494.00
Santo Domingo,Santo Domingo Oeste,Manoguayabo,Apartamento,1,2,2,149,259111.00
La Altagracia,Punta Cana,Cap Cana,Apartamento,1,1,2,173,458796.00
Santo Domingo,Santo Domingo Oeste,Villa Aura,Villa,4,2,2,624,944736.00
Distrito Nacional,Santo Domingo,Bella Vista,Apartamento,1,4,1,52,61672.00
Samaná,Las Terrenas,Pueblo de los Pescadores,Apartamento,2,3,1,113,160686.00
San Pedro de Macorís,Juan Dolio,Metro Country Club,Apartamento,3,1,1,141,199515.00
La Romana,La Romana,Casa de Campo,Casa,4,4,4,535,1449315.00
Santo Domingo,Santo Domingo Oeste,Herrera,Apartamento,3,2,2,60,125580.00
San Pedro de Macorís,Juan Dolio,Playa Juan Dolio,Casa,6,,4,371,728273.00
La Altagracia,Punta Cana,White Sands,Apartamento,2,1,1,165,281325.00
Santiago,Santiago de los Caballeros,Villa María,Apartamento,4,2,1,208,383760.00
Samaná,Las Terrenas,Playa Bonita,Apartamento,1,4,1,184,389712.00
La Romana,La Romana,Casa de Campo,Apartamento,3,4,2,78,156780.00
La Romana,La Romana,Central Romana,Casa,4,3,2,386,412634.00
San Pedro de Macorís,Juan Dolio,Metro Country Club,Casa,6,5,4,442,419900.00
La Altagracia,Punta Cana,Cap Cana,Apartamento,1,1,1,217,708288.00
Santo Domingo,Santo Domingo Este,San Isidro,Villa,3,4,4,605,971025.00
Distrito Nacional,Santo Domingo,Mirador Sur,Casa,3,2,3,259,334628.00
La Romana,La Romana,Casa de Campo,Casa,4,6,3,374,721446.00
La Romana,La Romana,Central Romana,Casa,4,6,4,605,644930.00
Samaná,Las Terrenas,Cosón,Apartamento,4,1,1,252,370188.00
La Romana,La Romana,Buena Vista,Apartamento,2,4,2,130,229320.00
La Altagracia,Punta Cana,El Cortecito,Apartamento,4,3,1,194,298372.00
Puerto Plata,Puerto Plata,Playa Dorada,Penthouse,4,4,3,449,1038537.00
Distrito Nacional,Santo Domingo,Piantini,Townhouse,1,2,2,51,135558.00
Santo Domingo,Santo Domingo Oeste,Prolongación 27,Villa,3,4,4,703,1398267.00
Samaná,Las Terrenas,Pueblo de los Pescadores,Casa,3,5,3,339,384087.00
Santiago,Santiago de los Caballeros,Villa María,Villa,4,3,3,487,505506.00
Samaná,Las Terrenas,Cosón,Apartamento,2,1,2,252,526176.00
Santo Domingo,Santo Domingo Norte,Sabana Perdida,Villa,3,6,4,487,450962.00
Samaná,Las Terrenas,Cosón,Casa,3,4,3,624,1062672.00
Santo Domingo,Santo Domingo Este,Autopista San Isidro,Apartamento,1,4,1,128,151552.00
La Altagracia,Punta Cana,Cocotal,Apartamento,3,2,1,62,118048.00
San Pedro de Macorís,Juan Dolio,Playa Juan Dolio,Apartamento,1,2,2,124,236468.00
Santo Domingo,Santo Domingo Norte,Avenida Jacobo Majluta,Apartamento,4,1,2,117,149058.00
Puerto Plata,Puerto Plata,Playa Dorada,Apartamento,2,2,2,193,290465.00
San Pedro de Macorís,Juan Dolio,Guavaberry,Apartamento,2,2,1,68,111860.00
Puerto Plata,Puerto Plata,Costámbar,Apartamento,1,1,2,158,291984.00
La Altagracia,Punta Cana,Cap Cana,Apartamento,1,3,1,139,431873.00
Samaná,Las Terrenas,Playa Bonita,Apartamento,2,2,2,89,113475.00
Santo Domingo,Santo Domingo Este,Lucerna,Casa,4,4,2,531,1205370.00
Santo Domingo,Santo Domingo Este,Coral Mall,Apartamento,1,3,1,239,366387.00
Santo Domingo,Santo Domingo Oeste,Villa Aura,Apartamento,2,1,2,199,236611.00
Santiago,Santiago de los Caballeros,Cerro Alto,Casa,4,6,3,234,421668.00
Distrito Nacional,Santo Domingo,Naco,Apartamento,3,3,1,54,142182.00
Puerto Plata,Puerto Plata,Cabarete,Townhouse,1,3,2,202,258560.00
Santo Domingo,Santo Domingo Norte,Avenida Jacobo Majluta,Apartamento,4,1,1,113,194812.00
La Altagracia,Punta Cana,El Cortecito,Apartamento,2,1,2,225,409500.00
La Altagracia,Punta Cana,White Sands,Apartamento,3,1,2,149,172840.00
La Romana,La Romana,Buena Vista,Casa,5,5,4,320,329280.00
Puerto Plata,Puerto Plata,Playa Dorada,Townhouse,2,4,1,196,276752.00
Puerto Plata,Puerto Plata,Costámbar,Penthouse,4,4,4,287,551901.00
Santo Domingo,Santo Domingo Norte,Avenida Jacobo Majluta,Villa,5,6,2,620,711140.00
Samaná,Las Terrenas,Playa Bonita,Apartamento,1,2,2,87,100920.00
La Altagracia,Punta Cana,El Cortecito,Townhouse,3,4,2,88,130592.00
Santo Domingo,Santo Domingo Este,Ensanche Ozama,Casa,5,6,4,416,861536.00
Santo Domingo,Santo Domingo Oeste,Prolongación 27,Apartamento,3,1,2,84,178752.00
Samaná,Las Terrenas,Cosón,Apartamento,3,2,2,175,362250.00
Santo Domingo,Santo Domingo Norte,Avenida Jacobo Majluta,Casa,3,5,2,456,772920.00
Santo Domingo,Santo Domingo Oeste,Prolongación 27,Apartamento,1,2,2,207,435321.00
La Altagracia,Punta Cana,El Cortecito,Villa,6,5,2,569,847810.00
Puerto Plata,Puerto Plata,Playa Dorada,Penthouse,5,5,4,488,1372744.00
Distrito Nacional,Santo Domingo,Sarasota,Casa,6,2,2,711,1387161.00
Puerto Plata,Puerto Plata,Sosúa,Apartamento,1,2,2,162,310230.00
Santiago,Santiago de los Caballeros,Los Colegios,Apartamento,4,3,1,226,314366.00
San Pedro de Macorís,Juan Dolio,Playa Juan Dolio,Apartamento,1,2,1,150,291900.00
La Altagracia,Punta Cana,El Cortecito,Casa,6,6,4,386,687466.00
Santo Domingo,Santo Domingo Este,Coral Mall,Apartamento,2,1,1,79,159580.00
La Altagracia,Punta Cana,Bávaro,Apartamento,4,2,2,190,357010.00
Distrito Nacional,Santo Domingo,Bella Vista,Penthouse,5,5,2,303,544188.00
Santo Domingo,Santo Domingo Norte,Villa Mella,Apartamento,3,4,2,210,308700.00
Santo Domingo,Santo Domingo Este,Ensanche Ozama,Townhouse,1,3,1,167,353873.00
San Pedro de Macorís,Juan Dolio,Playa Juan Dolio,Villa,6,3,2,667,1186593.00
Puerto Plata,Puerto Plata,Torre Alta,Casa,3,3,4,464,983216.00
La Romana,La Romana,Casa de Campo,Casa,4,2,4,537,769521.00
Santo Domingo,Santo Domingo Norte,Villa Mella,Apartamento,3,3,,62,82026.00
Santo Domingo,Santo Domingo Norte,Avenida Jacobo Majluta,Apartamento,2,4,2,59,76110.00
Santiago,Santiago de los Caballeros,Villa María,Apartamento,4,1,2,190,234080.00
Santiago,Santiago de los Caballeros,Villa Olga,Casa,5,4,4,603,1160172.00
Santo Domingo,Santo Domingo Oeste,Prolongación 27,Apartamento,1,1,2,235,396680.00
Puerto Plata,Puerto Plata,Playa Dorada,Villa,5,6,4,542,604330.00
Samaná,Las Terrenas,Pueblo de los Pescadores,Apartamento,4,4,1,206,324656.00
Santiago,Santiago de los Caballeros,La Trinitaria,Casa,3,5,4,300,592200.00
Samaná,Las Terrenas,Cosón,Apartamento,3,3,1,52,78624.00
Santiago,Santiago de los Caballeros,Los Colegios,Apartamento,3,3,2,246,273552.00
Santo Domingo,Santo Domingo Este,Lucerna,Apartamento,4,1,1,99,175824.00
La Altagracia,Punta Cana,White Sands,Apartamento,4,1,1,173,245314.00
San Pedro de Macorís,Juan Dolio,Playa Juan Dolio,Villa,6,5,4,237,454329.00
Santiago,Santiago de los Caballeros,Villa María,Apartamento,1,2,2,254,463296.00
Santo Domingo,Santo Domingo Este,Ensanche Ozama,Casa,3,4,3,727,864403.00
Samaná,Las Terrenas,Pueblo de los Pescadores,Apartamento,1,3,2,231,268884.00
Santiago,Santiago de los Caballeros,La Barranquita,Casa,4,4,3,489,631788.00
La Romana,La Romana,Buena Vista,Casa,5,2,2,274,481692.00
La Romana,La Romana,Casa de Campo,Apartamento,2,2,2,173,465197.00
La Altagracia,Punta Cana,Cap Cana,Apartamento,1,2,1,235,427465.00
San Pedro de Macorís,Juan Dolio,Guavaberry,Apartamento,1,1,2,61,77958.00
La Altagracia,Punta Cana,El Cortecito,Villa,3,6,4,499,447104.00
Samaná,Las Terrenas,Cosón,Apartamento,2,3,1,99,166914.00
Santiago,Santiago de los Caballeros,Villa María,Apartamento,1,3,1,90,149400.00
Santo Domingo,Santo Domingo Este,Alma Rosa,Townhouse,1,2,2,190,332880.00
Santiago,Santiago de los Caballeros,Cerro Alto,Penthouse,4,5,2,307,505015.00
Santiago,Santiago de los Caballeros,Villa María,Apartamento,1,2,1,170,204510.00
Santo Domingo,Santo Domingo Este,San Isidro,Casa,6,5,2,636,1343232.00
La Altagracia,Punta Cana,Punta Cana Village,Apartamento,2,1,2,195,266955.00
Santo Domingo,Santo Domingo Este,Autopista San Isidro,Villa,6,2,3,497,1118747.00
San Pedro de Macorís,Juan Dolio,Guavaberry,Casa,4,3,4,444,707736.00
Puerto Plata,Puerto Plata,Cabarete,Apartamento,3,3,2,174,202014.00
Santo Domingo,Santo Domingo Este,San Isidro,Casa,6,5,2,469,733047.00
Samaná,Las Terrenas,Pueblo de los Pescadores,Casa,3,5,4,289,438413.00
La Romana,La Romana,Central Romana,Casa,5,6,3,590,1214810.00
Puerto Plata,Puerto Plata,Cabarete,Apartamento,2,4,2,66,118602.00
Santo Domingo,Santo Domingo Oeste,Manoguayabo,Apartamento,4,3,1,94,118346.00
Samaná,Las Terrenas,Cosón,Casa,6,4,4,279,491319.00
Santo Domingo,Santo Domingo Norte,Colinas del Arroyo,Townhouse,1,1,2,133,280896.00
Distrito Nacional,Santo Domingo,Naco,Casa,4,6,4,180,320760.00
Santo Domingo,Santo Domingo Norte,Sabana Perdida,Apartamento,4,4,1,102,178296.00
Santiago,Santiago de los Caballeros,Los Colegios,Penthouse,4,5,3,265,713645.00
Distrito Nacional,Santo Domingo,Mirador Sur,Townhouse,4,2,2,65,120640.00
La Romana,La Romana,Casa de Campo,Casa,5,2,3,211,435293.00
Puerto Plata,Puerto Plata,Playa Dorada,Apartamento,3,4,2,147,292677.00
La Romana,La Romana,Casa de Campo,Apartamento,4,2,1,192,561408.00
La Altagracia,Punta Cana,El Cortecito,Casa,4,3,2,253,550781.00
Distrito Nacional,Santo Domingo,Bella Vista,Apartamento,4,4,1,71,
Puerto Plata,Puerto Plata,Torre Alta,Villa,6,6,2,645,1220985.00
Puerto Plata,Puerto Plata,Playa Dorada,Villa,6,4,2,370,636030.00
Samaná,Las Terrenas,Playa Bonita,Apartamento,2,3,2,189,349839.00
Distrito Nacional,Santo Domingo,Piantini,Apartamento,3,1,2,226,442282.00
Santo Domingo,Santo Domingo Norte,Colinas del Arroyo,Apartamento,1,1,1,170,214030.00
La Romana,La Romana,Central Romana,Apartamento,1,3,1,170,344930.00
La Romana,La Romana,Buena Vista,Apartamento,3,4,2,254,432562.00
Santiago,Santiago de los Caballeros,Cerro Alto,Casa,5,6,,242,517396.00
Samaná,Las Terrenas,Playa Bonita,Apartamento,3,1,2,174,220632.00
Santo Domingo,Santo Domingo Norte,Villa Mella,Villa,5,4,2,467,659871.00
Santiago,Santiago de los Caballeros,Gurabo,Apartamento,2,2,2,144,210096.00
Santiago,Santiago de los Caballeros,La Trinitaria,Apartamento,1,3,1,87,190791.00
San Pedro de Macorís,Juan Dolio,Guavaberry,Apartamento,2,4,1,103,186018.00
Distrito Nacional,Santo Domingo,Gazcue,Apartamento,1,1,1,168,321888.00
San Pedro de Macorís,Juan Dolio,Guavaberry,Apartamento,2,4,2,171,279927.00
Santo Domingo,Santo Domingo Norte,Sabana Perdida,Casa,6,5,4,503,973305.00
Distrito Nacional,Santo Domingo,Naco,Penthouse,5,4,3,532,2337608.00
Santiago,Santiago de los Caballeros,Villa María,Casa,3,4,4,580,1040520.00
Santo Domingo,Santo Domingo Oeste,Prolongación 27,Apartamento,2,3,1,222,247974.00
Santo Domingo,Santo Domingo Este,Alma Rosa,Apartamento,1,4,2,106,178080.00
Santiago,Santiago de los Caballeros,La Trinitaria,Casa,3,2,4,402,1294038.00
Santo Domingo,Santo Domingo Este,Lucerna,Townhouse,1,2,2,218,322204.00
Santo Domingo,Santo Domingo Este,Lucerna,Casa,5,5,4,257,554606.00
San Pedro de Macorís,Juan Dolio,Guavaberry,Apartamento,3,3,1,249,311499.00
Santiago,Santiago de los Caballeros,Gurabo,Apartamento,3,1,2,258,423636.00
Santo Domingo,Santo Domingo Norte,Sabana Perdida,Casa,4,6,3,362,785902.00
San Pedro de Macorís,Juan Dolio,Metro Country Club,Casa,6,3,4,288,505152.00
Santiago,Santiago de los Caballeros,El Dorado II,Casa,3,6,4,436,768668.00
Distrito Nacional,Santo Domingo,El Millón,Casa,3,2,4,579,807705.00
Santo Domingo,Santo Domingo Norte,Colinas del Arroyo,Penthouse,5,3,4,471,1167609.00
Puerto Plata,Puerto Plata,Torre Alta,Villa,3,6,2,183,299571.00
San Pedro de Macorís,Juan Dolio,Metro Country Club,Apartamento,3,3,2,152,184376.00
Santo Domingo,Santo Domingo Este,Coral Mall,Apartamento,3,1,2,244,
Santo Domingo,Santo Domingo Oeste,Prolongación 27,Apartamento,4,2,2,228,432744.00
Santo Domingo,Santo Domingo Este,Lucerna,Apartamento,4,1,2,238,354144.00
Santo Domingo,Santo Domingo Norte,Villa Mella,Casa,4,5,3,244,477508.00
Santiago,Santiago de los Caballeros,Villa Olga,Apartamento,4,1,1,136,165104.00
La Altagracia,Punta Cana,White Sands,Casa,3,3,4,715,1278420.00
La Romana,La Romana,Casa de Campo,Apartamento,2,1,1,238,512176.00
San Pedro de Macorís,Juan Dolio,Playa Juan Dolio,Casa,3,3,4,313,275127.00
Santo Domingo,Santo Domingo Norte,Villa Mella,Penthouse,3,4,4,307,831970.00
Santo Domingo,Santo Domingo Este,Autopista San Isidro,Villa,3,5,4,405,396495.00
Santo Domingo,Santo Domingo Oeste,Manoguayabo,Apartamento,4,3,1,225,310725.00
La Altagracia,Punta Cana,Cap Cana,Apartamento,2,3,1,80,205840.00
Santo Domingo,Santo Domingo Norte,Sabana Perdida,Casa,5,6,2,629,847892.00
Samaná,Las Terrenas,Playa Bonita,Casa,6,3,2,678,688170.00
Distrito Nacional,Santo Domingo,Piantini,Casa,3,6,3,606,2131908.00
San Pedro de Macorís,Juan Dolio,Playa Juan Dolio,Casa,4,4,4,641,1085213.00
Santo Domingo,Santo Domingo Oeste,Prolongación 27,Apartamento,1,2,2,206,263680.00
Santiago,Santiago de los Caballeros,Villa María,Apartamento,2,2,1,185,239575.00
Samaná,Las Terrenas,Cosón,Villa,4,5,4,393,556488.00
Distrito Nacional,Santo Domingo,Evaristo Morales,Casa,4,5,3,360,423720.00
Distrito Nacional,Santo Domingo,Piantini,Apartamento,3,2,2,114,315210.00
Samaná,Las Terrenas,Cosón,Casa,3,6,2,341,309969.00
San Pedro de Macorís,Juan Dolio,Playa Juan Dolio,Casa,4,5,4,513,876204.00
Santo Domingo,Santo Domingo Oeste,Villa Aura,Casa,3,4,2,280,373800.00
Puerto Plata,Puerto Plata,Cabarete,Apartamento,2,1,2,199,416308.00
Distrito Nacional,Santo Domingo,Renacimiento,Casa,6,3,3,562,634498.00
San Pedro de Macorís,Juan Dolio,Playa Juan Dolio,Casa,5,4,2,523,580530.00
Distrito Nacional,Santo Domingo,Mirador Sur,Casa,4,2,3,649,1107194.00
Santo Domingo,Santo Domingo Norte,Colinas del Arroyo,Casa,5,6,2,354,719682.00
La Romana,La Romana,Casa de Campo,Casa,6,3,4,664,1849240.00
Santiago,Santiago de los Caballeros,Gurabo,Apartamento,2,2,2,161,250355.00
Samaná,Las Terrenas,Playa Bonita,Penthouse,3,4,2,240,591120.00
La Romana,La Romana,Casa de Campo,Apartamento,4,4,1,165,540540.00
Santo Domingo,Santo Domingo Oeste,Herrera,Apartamento,1,4,1,83,152222.00
Santiago,Santiago de los Caballeros,La Trinitaria,Apartamento,1,1,2,221,590512.00
Santo Domingo,Santo Domingo Norte,Sabana Perdida,Villa,3,5,3,321,735090.00
Puerto Plata,Puerto Plata,Cabarete,Apartamento,3,4,1,210,261240.00
Puerto Plata,Puerto Plata,Costámbar,Apartamento,3,4,2,228,347472.00
Santo Domingo,Santo Domingo Este,Las Américas,Villa,3,6,4,552,527160.00
Santo Domingo,Santo Domingo Este,San Isidro,Apartamento,1,3,2,94,116278.00
La Romana,La Romana,Central Romana,Apartamento,2,3,1,188,250416.00
San Pedro de Macorís,Juan Dolio,Playa Juan Dolio,Penthouse,5,5,2,335,722260.00
La Altagracia,Punta Cana,Punta Cana Village,Apartamento,4,3,1,66,122958.00
La Altagracia,Punta Cana,El Cortecito,Apartamento,1,4,2,165,305745.00
Santo Domingo,Santo Domingo Este,Ensanche Ozama,Villa,6,2,2,580,705280.00
Santiago,Santiago de los Caballeros,El Dorado II,Casa,,2,4,331,617646.00
Santo Domingo,Santo Domingo Oeste,Herrera,Casa,4,5,3,610,1072990.00
Distrito Nacional,Santo Domingo,Gazcue,Casa,3,3,4,,885439.00
La Altagracia,Punta Cana,White Sands,Apartamento,3,4,2,167,287574.00
Samaná,Las Terrenas,Playa Bonita,Villa,5,3,3,412,758492.00
La Altagracia,Punta Cana,Punta Cana Village,Apartamento,1,2,2,122,248026.00
Santo Domingo,Santo Domingo Norte,Avenida Jacobo Majluta,Apartamento,3,2,1,231,326634.00
Santo Domingo,Santo Domingo Norte,Avenida Jacobo Majluta,Casa,5,6,2,631,872673.00
La Altagracia,Punta Cana,Cap Cana,Casa,3,4,3,331,827500.00
San Pedro de Macorís,Juan Dolio,Playa Juan Dolio,Townhouse,3,1,1,153,324666.00
Santo Domingo,Santo Domingo Norte,Sabana Perdida,Penthouse,3,3,4,499,1266961.00
La Altagracia,Punta Cana,White Sands,Apartamento,4,3,1,254,509270.00
La Altagracia,Punta Cana,White Sands,Casa,6,2,2,744,810216.00
Santiago,Santiago de los Caballeros,Gurabo,Apartamento,2,4,2,73,129064.00
Distrito Nacional,Santo Domingo,Mirador Sur,Apartamento,2,3,1,55,69905.00
La Romana,La Romana,Buena Vista,Apartamento,1,4,1,175,306250.00
Samaná,Las Terrenas,Pueblo de los Pescadores,Apartamento,1,3,2,87,171825.00
La Altagracia,Punta Cana,El Cortecito,Apartamento,3,3,2,128,257536.00
La Romana,La Romana,Casa de Campo,Casa,6,5,3,475,872100.00
Puerto Plata,Puerto Plata,Torre Alta,Casa,3,3,2,490,892780.00
La Romana,La Romana,Buena Vista,Casa,6,2,2,599,1292642.00
Santiago,Santiago de los Caballeros,La Barranquita,Casa,6,6,2,384,472320.00
Puerto Plata,Puerto Plata,Costámbar,Apartamento,1,3,2,176,360624.00
Santo Domingo,Santo Domingo Oeste,Herrera,Apartamento,2,3,2,213,440271.00
Santo Domingo,Santo Domingo Este,Lucerna,Apartamento,3,4,1,175,280175.00
Distrito Nacional,Santo Domingo,Naco,Apartamento,4,1,2,198,639540.00
Samaná,Las Terrenas,Cosón,Villa,6,2,3,704,1427712.00
Distrito Nacional,Santo Domingo,Gazcue,Casa,3,3,3,652,1479388.00
Santo Domingo,Santo Domingo Norte,Colinas del Arroyo,Casa,5,4,3,544,516256.00
Santiago,Santiago de los Caballeros,Los Colegios,Apartamento,1,2,1,245,316785.00
Samaná,Las Terrenas,Playa Bonita,Apartamento,3,3,2,225,414450.00
Santo Domingo,Santo Domingo Este,Las Américas,Apartamento,2,1,1,182,305032.00
La Altagracia,Punta Cana,El Cortecito,Apartamento,2,1,1,89,189570.00
Santo Domingo,Santo Domingo Oeste,Prolongación 27,Apartamento,1,4,2,69,92322.00
Santo Domingo,Santo Domingo Norte,Villa Mella,Apartamento,3,3,1,259,519295.00
Samaná,Las Terrenas,Pueblo de los Pescadores,Apartamento,3,2,2,57,76494.00
Santo Domingo,Santo Domingo Oeste,Prolongación 27,Villa,4,3,3,308,393932.00
Santo Domingo,Santo Domingo Norte,Villa Mella,Apartamento,1,1,1,248,518568.00
Puerto Plata,Puerto Plata,Sosúa,Casa,3,6,4,240,434400.00
Santo Domingo,Santo Domingo Este,Coral Mall,Casa,5,2,2,306,637092.00
Santo Domingo,Santo Domingo Oeste,Prolongación 27,Casa,5,2,2,329,466522.00
Samaná,Las Terrenas,Cosón,Apartamento,2,1,1,259,292152.00
La Romana,La Romana,Casa de Campo,Apartamento,3,2,1,235,474230.00
Santo Domingo,Santo Domingo Oeste,Manoguayabo,Apartamento,2,4,1,96,175296.00
Puerto Plata,Puerto Plata,Torre Alta,Casa,4,5,2,501,552603.00
San Pedro de Macorís,Juan Dolio,Metro Country Club,Apartamento,4,3,2,192,227136.00
Santo Domingo,Santo Domingo Este,Coral Mall,Apartamento,4,3,2,203,352814.00
San Pedro de Macorís,Juan Dolio,Metro Country Club,Apartamento,3,4,1,67,138958.00
La Altagracia,Punta Cana,Cap Cana,Casa,6,2,3,628,1868928.00
Santo Domingo,Santo Domingo Este,Alma Rosa,Casa,6,6,2,352,345664.00
La Altagracia,Punta Cana,Cap Cana,Apartamento,4,1,1,158,519662.00
Santiago,Santiago de los Caballeros,Los Colegios,Apartamento,4,3,2,220,424160.00
San Pedro de Macorís,Juan Dolio,Playa Juan Dolio,Casa,6,2,2,436,807472.00
San Pedro de Macorís,Juan Dolio,Metro Country Club,Apartamento,2,1,1,238,287504.00
Santo Domingo,Santo Domingo Este,San Isidro,Apartamento,2,4,2,89,153080.00
Samaná,Las Terrenas,Pueblo de los Pescadores,Casa,3,6,3,657,829791.00
Santiago,Santiago de los Caballeros,Villa Olga,Apartamento,3,3,1,245,285180.00
Puerto Plata,Puerto Plata,Sosúa,Apartamento,3,4,2,167,195891.00
Distrito Nacional,Santo Domingo,Bella Vista,Apartamento,3,2,2,160,220000.00
Santiago,Santiago de los Caballeros,La Barranquita,Apartamento,1,4,2,171,242820.00
La Romana,La Romana,Casa de Campo,Apartamento,4,4,2,246,641322.00
La Altagracia,Punta Cana,Bávaro,Casa,3,3,3,537,1098165.00
Distrito Nacional,Santo Domingo,La Julia,Apartamento,4,3,2,155,281945.00
Distrito Nacional,Santo Domingo,Evaristo Morales,Casa,5,6,2,247,364078.00
Santo Domingo,Santo Domingo Este,Coral Mall,Casa,5,2,3,612,1231956.00
La Romana,La Romana,Buena Vista,Casa,6,6,2,504,817992.00
Samaná,Las Terrenas,Cosón,Apartamento,1,4,1,226,343746.00
La Altagracia,Punta Cana,El Cortecito,Apartamento,3,2,2,143,284856.00
Santo Domingo,Santo Domingo Oeste,Manoguayabo,Apartamento,1,2,2,117,140049.00
Santiago,Santiago de los Caballeros,La Barranquita,Villa,3,6,2,524,738316.00
Santo Domingo,Santo Domingo Este,Las Américas,Villa,6,5,2,535,538745.00
Santiago,Santiago de los Caballeros,Los Colegios,Apartamento,3,2,2,152,245328.00
Samaná,Las Terrenas,Pueblo de los Pescadores,Apartamento,2,1,1,197,418034.00
Santo Domingo,Santo Domingo Oeste,Manoguayabo,Casa,6,6,4,241,462479.00
Santo Domingo,Santo Domingo Oeste,Villa Aura,Apartamento,2,2,2,161,312340.00
La Altagracia,Punta Cana,Bávaro,Apartamento,4,,2,215,307020.00
Samaná,Las Terrenas,Playa Bonita,Apartamento,1,2,1,57,91314.00
Santiago,Santiago de los Caballeros,Villa Olga,Apartamento,4,4,1,101,144026.00
Santiago,Santiago de los Caballeros,Cerro Alto,Casa,5,6,2,223,411435.00
Distrito Nacional,Santo Domingo,Piantini,Villa,3,4,4,485,736715.00
Puerto Plata,Puerto Plata,Costámbar,Apartamento,1,4,1,110,146190.00
Samaná,Las Terrenas,Pueblo de los Pescadores,Apartamento,1,3,2,73,115851.00
Samaná,Las Terrenas,Playa Bonita,Apartamento,3,3,2,256,405248.00
Puerto Plata,Puerto Plata,Cabarete,Casa,4,3,3,630,1062180.00
Santiago,Santiago de los Caballeros,Gurabo,Apartamento,3,1,2,189,371763.00
San Pedro de Macorís,Juan Dolio,Playa Juan Dolio,Casa,5,3,3,666,1067598.00
Santiago,Santiago de los Caballeros,Gurabo,Apartamento,1,1,1,114,215118.00
Santiago,Santiago de los Caballeros,Villa María,Penthouse,5,3,4,341,820446.00
Puerto Plata,Puerto Plata,Sosúa,Penthouse,4,4,3,266,527212.00
Santiago,Santiago de los Caballeros,La Trinitaria,Villa,4,5,4,504,1693944.00
Puerto Plata,Puerto Plata,Sosúa,Casa,3,5,3,602,921662.00
Puerto Plata,Puerto Plata,Sosúa,Villa,5,6,2,540,923940.00
Samaná,Las Terrenas,Pueblo de los Pescadores,Villa,5,5,4,208,198848.00
Santo Domingo,Santo Domingo Norte,Sabana Perdida,Apartamento,2,1,2,101,174225.00
La Altagracia,Punta Cana,Cocotal,Casa,4,3,4,313,646658.00
Puerto Plata,Puerto Plata,Costámbar,Apartamento,2,3,1,225,398250.00
Santiago,Santiago de los Caballeros,La Trinitaria,Casa,5,3,3,566,1769882.00
Santo Domingo,Santo Domingo Oeste,Herrera,Penthouse,5,5,4,540,1062720.00
Santo Domingo,Santo Domingo Este,San Isidro,Casa,4,2,3,619,1286901.00
Santiago,Santiago de los Caballeros,Cerro Alto,Casa,5,3,4,300,263400.00
La Romana,La Romana,Buena Vista,Apartamento,4,4,1,107,162212.00
Santo Domingo,Santo Domingo Oeste,Villa Aura,Casa,6,5,2,621,790533.00
Samaná,Las Terrenas,Playa Bonita,Townhouse,3,2,2,96,185856.00
Santo Domingo,Santo Domingo Norte,Villa Mella,Casa,5,3,4,641,870478.00
La Altagracia,Punta Cana,Cocotal,Apartamento,4,1,1,170,233240.00
La Altagracia,Punta Cana,White Sands,Apartamento,2,4,2,238,386512.00
Santo Domingo,Santo Domingo Este,Alma Rosa,Apartamento,1,3,1,170,310250.00
Samaná,Las Terrenas,Pueblo de los Pescadores,Townhouse,1,1,2,179,336520.00
Santiago,Santiago de los Caballeros,La Barranquita,Apartamento,2,1,1,116,167852.00
La Romana,La Romana,Buena Vista,Penthouse,4,3,2,382,987852.00
Puerto Plata,Puerto Plata,Cabarete,Casa,5,2,2,691,984675.00
La Altagracia,Punta Cana,El Cortecito,Casa,5,6,3,709,1057119.00
Puerto Plata,Puerto Plata,Cabarete,Apartamento,4,2,2,63,93618.00
Santo Domingo,Santo Domingo Norte,Villa Mella,Casa,3,5,3,347,796365.00
San Pedro de Macorís,Juan Dolio,Guavaberry,Casa,6,2,3,545,1088910.00
San Pedro de Macorís,Juan Dolio,Guavaberry,Apartamento,2,1,2,73,110741.00
Santiago,Santiago de los Caballeros,Cerro Alto,Villa,5,6,4,397,811865.00
Distrito Nacional,Santo Domingo,Sarasota,Apartamento,2,4,1,113,239560.00
Santo Domingo,Santo Domingo Este,Coral Mall,Casa,3,5,3,288,435456.00
Santo Domingo,Santo Domingo Norte,Villa Mella,Casa,6,5,4,455,940030.00
Distrito Nacional,Santo Domingo,La Julia,Townhouse,4,3,1,104,124696.00
Santiago,Santiago de los Caballeros,Villa María,Apartamento,1,4,1,152,246544.00
Santo Domingo,Santo Domingo Norte,Avenida Jacobo Majluta,Townhouse,4,1,1,103,147599.00
Puerto Plata,Puerto Plata,Torre Alta,Casa,4,2,3,682,1183270.00
Santiago,Santiago de los Caballeros,Cerro Alto,Apartamento,1,3,1,175,352100.00
Puerto Plata,Puerto Plata,Torre Alta,Casa,6,2,3,557,1173599.00
Santo Domingo,Santo Domingo Norte,Sabana Perdida,Apartamento,1,1,2,168,261912.00
Santo Domingo,Santo Domingo Norte,Sabana Perdida,Apartamento,1,3,2,161,203182.00
San Pedro de Macorís,Juan Dolio,Guavaberry,Casa,4,4,2,715,1233375.00
Santiago,Santiago de los Caballeros,Gurabo,Apartamento,1,1,2,155,200415.00
San Pedro de Macorís,Juan Dolio,Playa Juan Dolio,Apartamento,3,3,2,199,252133.00
La Romana,La Romana,Casa de Campo,Casa,6,3,2,582,849720.00
Santo Domingo,Santo Domingo Este,San Isidro,Villa,5,4,4,645,1433190.00
San Pedro de Macorís,Juan Dolio,Playa Juan Dolio,Villa,5,3,2,369,372690.00
Samaná,Las Terrenas,Cosón,Villa,3,5,4,198,170478.00
Puerto Plata,Puerto Plata,Sosúa,Casa,6,5,4,594,1305018.00
Samaná,Las Terrenas,Pueblo de los Pescadores,Apartamento,3,4,2,72,97632.00
Santo Domingo,Santo Domingo Norte,Villa Mella,Casa,3,3,2,394,722990.00
Santo Domingo,Santo Domingo Norte,Avenida Jacobo Majluta,Apartamento,2,1,2,247,506103.00
Santo Domingo,Santo Domingo Norte,Sabana Perdida,Apartamento,1,2,1,239,480629.00
San Pedro de Macorís,Juan Dolio,Guavaberry,Casa,6,6,2,386,560858.00
Samaná,Las Terrenas,Cosón,Casa,3,2,4,622,1058022.00
San Pedro de Macorís,Juan Dolio,Playa Juan Dolio,Apartamento,3,1,2,152,318440.00
La Romana,La Romana,Central Romana,Apartamento,4,2,1,185,210530.00
Puerto Plata,Puerto Plata,Playa Dorada,Apartamento,1,3,2,171,228969.00
San Pedro de Macorís,Juan Dolio,Playa Juan Dolio,Penthouse,4,4,4,443,683106.00
Santo Domingo,Santo Domingo Norte,Colinas del Arroyo,Apartamento,4,3,2,109,233151.00
Santo Domingo,Santo Domingo Oeste,Villa Aura,Penthouse,5,5,3,287,602700.00
Puerto Plata,Puerto Plata,Torre Alta,Villa,5,5,2,392,559776.00
Santo Domingo,Santo Domingo Este,Lucerna,Apartamento,2,2,1,205,431935.00
Santo Domingo,Santo Domingo Este,Autopista San Isidro,Apartamento,4,3,1,103,123188.00
Distrito Nacional,Santo Domingo,La Julia,Villa,5,3,2,695,635925.00
Santo Domingo,Santo Domingo Este,Coral Mall,Apartamento,2,1,1,174,283272.00
La Altagracia,Punta Cana,Punta Cana Village,Apartamento,3,2,1,230,276690.00
San Pedro de Macorís,Juan Dolio,Guavaberry,Townhouse,1,1,1,260,308100.00
La Romana,La Romana,Casa de Campo,Casa,3,3,3,340,762960.00
San Pedro de Macorís,Juan Dolio,Playa Juan Dolio,Apartamento,1,2,2,135,186570.00
Santo Domingo,Santo Domingo Este,Autopista San Isidro,Casa,6,2,2,665,1030085.00
Santiago,Santiago de los Caballeros,Cerro Alto,Casa,5,5,3,431,499960.00
La Romana,La Romana,Buena Vista,Apartamento,2,4,2,154,314006.00
La Romana,La Romana,Central Romana,Apartamento,1,4,1,247,276640.00
La Romana,La Romana,Casa de Campo,Casa,5,5,2,624,942864.00
Puerto Plata,Puerto Plata,Sosúa,Apartamento,2,1,2,157,301911.00
La Romana,La Romana,Buena Vista,Apartamento,3,3,1,121,169400.00
Puerto Plata,Puerto Plata,Torre Alta,Apartamento,4,3,2,248,372992.00
Santiago,Santiago de los Caballeros,El Dorado II,Casa,5,5,4,309,591735.00
La Romana,La Romana,Buena Vista,Casa,5,6,3,343,307671.00
Distrito Nacional,Santo Domingo,Sarasota,Apartamento,2,3,2,179,237354.00
Distrito Nacional,Santo Domingo,La Julia,Casa,5,2,2,307,543083.00
Santiago,Santiago de los Caballeros,Gurabo,Apartamento,2,2,2,126,211932.00
Samaná,Las Terrenas,Pueblo de los Pescadores,Casa,6,6,4,433,461145.00
La Altagracia,Punta Cana,Cocotal,Apartamento,3,4,1,87,171477.00
Puerto Plata,Puerto Plata,Sosúa,Casa,6,3,3,399,703437.00
Santo Domingo,Santo Domingo Este,Coral Mall,Apartamento,4,4,2,199,422079.00
Puerto Plata,Puerto Plata,Torre Alta,Apartamento,4,4,1,86,183610.00
Santo Domingo,Santo Domingo Norte,Sabana Perdida,Apartamento,2,1,1,166,343454.00
Distrito Nacional,Santo Domingo,Bella Vista,Penthouse,4,3,4,429,740025.00
Santo Domingo,Santo Domingo Este,Coral Mall,Apartamento,1,2,1,145,249980.00
La Altagracia,Punta Cana,Punta Cana Village,Casa,3,3,2,611,579839.00
Santiago,Santiago de los Caballeros,Los Colegios,Casa,6,2,2,740,1157360.00
Santo Domingo,Santo Domingo Este,Autopista San Isidro,Casa,6,6,3,643,990863.00
Puerto Plata,Puerto Plata,Torre Alta,Villa,4,3,4,651,1152921.00
San Pedro de Macorís,Juan Dolio,Metro Country Club,Villa,5,2,4,599,984157.00
Santo Domingo,Santo Domingo Oeste,Manoguayabo,Apartamento,1,4,2,215,275415.00
Santo Domingo,Santo Domingo Norte,Villa Mella,Apartamento,3,1,1,99,119592.00
Samaná,Las Terrenas,Pueblo de los Pescadores,Casa,6,6,2,,665994.00
Santo Domingo,Santo Domingo Norte,Villa Mella,Casa,4,3,4,634,648582.00
La Romana,La Romana,Central Romana,Apartamento,1,4,1,137,273315.00
Santo Domingo,Santo Domingo Norte,Sabana Perdida,Casa,5,5,3,273,295932.00
Santo Domingo,Santo Domingo Este,Las Américas,Casa,4,3,3,271,315715.00
Santiago,Santiago de los Caballeros,La Barranquita,Apartamento,1,3,1,56,68264.00
Santiago,Santiago de los Caballeros,La Barranquita,Casa,4,5,3,444,718836.00
Santo Domingo,Santo Domingo Este,Alma Rosa,Casa,4,5,4,696,1140048.00
Santo Domingo,Santo Domingo Este,Coral Mall,Casa,6,6,3,247,454727.00
Distrito Nacional,Santo Domingo,Renacimiento,Apartamento,1,3,1,113,153341.00
Santiago,Santiago de los Caballeros,La Barranquita,Apartamento,2,2,2,188,271472.00
Santo Domingo,Santo Domingo Oeste,Manoguayabo,Townhouse,4,1,1,258,529158.00
Samaná,Las Terrenas,Cosón,Apartamento,2,1,1,173,287007.00
Samaná,Las Terrenas,Cosón,Villa,6,4,4,397,813056.00
La Romana,La Romana,Buena Vista,Casa,3,4,2,584,1331520.00
Santo Domingo,Santo Domingo Este,Autopista San Isidro,Casa,5,5,2,696,1044696.00
La Altagracia,Punta Cana,White Sands,Casa,6,4,2,509,788441.00
Santo Domingo,Santo Domingo Oeste,Manoguayabo,Townhouse,3,1,1,215,237360.00
Samaná,Las Terrenas,Cosón,Casa,3,3,3,749,1704724.00
San Pedro de Macorís,Juan Dolio,Guavaberry,Apartamento,1,1,2,222,300144.00
La Altagracia,Punta Cana,El Cortecito,Villa,5,5,2,188,207740.00
San Pedro de Macorís,Juan Dolio,Guavaberry,Penthouse,4,3,2,230,477250.00
La Altagracia,Punta Cana,Cap Cana,Casa,5,3,2,685,1691265.00
Distrito Nacional,Santo Domingo,Gazcue,Apartamento,2,1,1,260,496860.00
Santo Domingo,Santo Domingo Este,Autopista San Isidro,Casa,6,3,4,378,831978.00
Samaná,Las Terrenas,Pueblo de los Pescadores,Apartamento,2,1,1,240,295920.00
Santo Domingo,Santo Domingo Norte,Colinas del Arroyo,Penthouse,3,5,4,360,681120.00
Distrito Nacional,Santo Domingo,Sarasota,Apartamento,4,1,2,214,258084.00
La Altagracia,Punta Cana,El Cortecito,Villa,6,4,2,710,1281550.00
San Pedro de Macorís,Juan Dolio,Guavaberry,Apartamento,1,2,1,121,237160.00
La Romana,La Romana,Buena Vista,Apartamento,4,2,2,70,80570.00
Santo Domingo,Santo Domingo Oeste,Manoguayabo,Townhouse,2,2,1,134,232624.00
Santo Domingo,Santo Domingo Este,Lucerna,Apartamento,1,4,2,256,294144.00
Samaná,Las Terrenas,Pueblo de los Pescadores,Penthouse,4,3,2,462,918456.00
La Altagracia,Punta Cana,Bávaro,Villa,4,2,4,629,657305.00
San Pedro de Macorís,Juan Dolio,Playa Juan Dolio,Casa,3,2,3,500,1135000.00
Santo Domingo,Santo Domingo Este,Autopista San Isidro,Casa,6,2,3,622,612048.00
Santo Domingo,Santo Domingo Este,Lucerna,Casa,3,4,3,591,618186.00
Samaná,Las Terrenas,Cosón,Casa,3,5,3,655,1130530.00
Samaná,Las Terrenas,Pueblo de los Pescadores,Casa,3,5,4,516,1059348.00
Santo Domingo,Santo Domingo Oeste,Herrera,Casa,3,6,2,309,665895.00
La Romana,La Romana,Buena Vista,Apartamento,4,4,1,112,154672.00
Distrito Nacional,Santo Domingo,Piantini,Casa,6,6,4,546,1257984.00
Samaná,Las Terrenas,Pueblo de los Pescadores,Apartamento,2,4,2,204,367608.00
Santiago,Santiago de los Caballeros,Villa María,Townhouse,2,1,1,179,216769.00
Puerto Plata,Puerto Plata,Costámbar,Casa,4,3,2,529,654373.00
San Pedro de Macorís,Juan Dolio,Playa Juan Dolio,Apartamento,4,3,2,207,354591.00
Puerto Plata,Puerto Plata,Costámbar,Casa,6,2,3,404,346228.00
Santo Domingo,Santo Domingo Oeste,Prolongación 27,Apartamento,2,2,2,238,423164.00
Puerto Plata,Puerto Plata,Cabarete,Apartamento,1,3,1,68,124576.00
Distrito Nacional,Santo Domingo,Sarasota,Casa,5,5,2,548,514572.00
Distrito Nacional,Santo Domingo,Evaristo Morales,Casa,4,3,3,358,553110.00
La Romana,La Romana,Casa de Campo,Casa,3,3,3,283,391106.00
Santo Domingo,Santo Domingo Norte,Sabana Perdida,Apartamento,1,3,1,128,260352.00
Santo Domingo,Santo Domingo Oeste,Villa Aura,Villa,4,6,4,624,613392.00
Santo Domingo,Santo Domingo Este,Ensanche Ozama,Villa,4,3,2,725,1177400.00
La Altagracia,Punta Cana,Punta Cana Village,Apartamento,2,1,1,187,318274.00
Santo Domingo,Santo Domingo Norte,Colinas del Arroyo,Casa,5,3,4,680,869040.00
Santo Domingo,Santo Domingo Este,Autopista San Isidro,Apartamento,1,2,2,242,518364.00
La Altagracia,Punta Cana,El Cortecito,Apartamento,2,3,2,184,384376.00
San Pedro de Macorís,Juan Dolio,Guavaberry,Casa,6,6,4,217,276458.00
Santo Domingo,Santo Domingo Oeste,Prolongación 27,Apartamento,2,4,1,128,252160.00
Puerto Plata,Puerto Plata,Playa Dorada,Casa,5,4,4,266,299250.00
Santo Domingo,Santo Domingo Este,Coral Mall,Apartamento,3,2,1,169,363181.00
Samaná,Las Terrenas,Cosón,Apartamento,4,4,2,144,304992.00
La Altagracia,Punta Cana,Punta Cana Village,Apartamento,2,4,1,117,146835.00
La Altagracia,Punta Cana,Bávaro,Casa,3,4,2,280,305760.00
Santo Domingo,Santo Domingo Este,Coral Mall,Casa,4,4,2,517,704154.00
Santiago,Santiago de los Caballeros,Los Colegios,Casa,4,6,3,188,275044.00
Santiago,Santiago de los Caballeros,Villa María,Apartamento,4,4,1,170,365330.00
Santo Domingo,Santo Domingo Norte,Sabana Perdida,Casa,4,5,2,708,1452816.00
La Romana,La Romana,Buena Vista,Apartamento,4,3,1,130,192920.00
Puerto Plata,Puerto Plata,Torre Alta,Casa,6,6,2,563,638442.00
Samaná,Las Terrenas,Playa Bonita,Apartamento,1,4,2,136,212296.00
Puerto Plata,Puerto Plata,Torre Alta,Apartamento,4,3,2,200,229400.00
Samaná,Las Terrenas,Playa Bonita,Penthouse,3,4,4,542,1481828.00
Samaná,Las Terrenas,Pueblo de los Pescadores,Villa,6,3,3,245,476280.00
Puerto Plata,Puerto Plata,Cabarete,Apartamento,3,4,2,73,105923.00
Santo Domingo,Santo Domingo Este,Lucerna,Apartamento,1,4,1,97,146179.00
Santo Domingo,Santo Domingo Este,San Isidro,Casa,4,4,4,716,710988.00
San Pedro de Macorís,Juan Dolio,Metro Country Club,Apartamento,1,2,2,155,294500.00
Santo Domingo,Santo Domingo Norte,Villa Mella,Casa,6,5,4,250,411500.00
Santo Domingo,Santo Domingo Oeste,Prolongación 27,Villa,5,5,4,666,782550.00
Samaná,Las Terrenas,Pueblo de los Pescadores,Penthouse,5,3,4,454,937056.00
Santo Domingo,Santo Domingo Oeste,Herrera,Townhouse,4,1,2,204,327420.00
La Romana,La Romana,Buena Vista,Penthouse,4,4,3,514,812120.00
Santo Domingo,Santo Domingo Este,Coral Mall,Apartamento,4,3,2,150,218700.00
Puerto Plata,Puerto Plata,Cabarete,Casa,6,5,3,367,836760.00
Samaná,Las Terrenas,Playa Bonita,Apartamento,1,2,1,120,203640.00
Santo Domingo,Santo Domingo Este,Lucerna,Apartamento,2,4,2,245,330260.00
La Altagracia,Punta Cana,Bávaro,Apartamento,3,4,2,92,148764.00
Santo Domingo,Santo Domingo Oeste,Herrera,Apartamento,1,4,2,137,262629.00
Santo Domingo,Santo Domingo Oeste,Manoguayabo,Casa,5,2,4,319,484561.00
San Pedro de Macorís,Juan Dolio,Guavaberry,Apartamento,1,2,2,85,175440.00
Santiago,Santiago de los Caballeros,Cerro Alto,Casa,3,6,2,361,524172.00
Santo Domingo,Santo Domingo Este,Las Américas,Apartamento,2,1,1,223,369957.00
Santo Domingo,Santo Domingo Norte,Sabana Perdida,Apartamento,2,1,1,163,195111.00
La Romana,La Romana,Central Romana,Apartamento,1,4,2,163,196741.00
Samaná,Las Terrenas,Playa Bonita,Casa,6,3,2,563,753294.00
Santo Domingo,Santo Domingo Oeste,Herrera,Casa,3,2,3,376,842992.00
Santo Domingo,Santo Domingo Este,Ensanche Ozama,Townhouse,1,2,1,61,119011.00
La Romana,La Romana,Casa de Campo,Villa,5,6,4,374,1233826.00
Santo Domingo,Santo Domingo Oeste,Manoguayabo,Penthouse,3,3,2,274,611020.00
La Altagracia,Punta Cana,Cap Cana,Casa,5,2,3,397,1100484.00
Santo Domingo,Santo Domingo Oeste,Herrera,Apartamento,3,3,1,67,103649.00
Puerto Plata,Puerto Plata,Costámbar,Apartamento,4,1,1,114,147516.00
Samaná,Las Terrenas,Cosón,Townhouse,4,2,2,94,164594.00
San Pedro de Macorís,Juan Dolio,Metro Country Club,Apartamento,4,4,1,178,200606.00
Santo Domingo,Santo Domingo Oeste,Herrera,Apartamento,1,3,1,238,470526.00
Santo Domingo,Santo Domingo Oeste,Herrera,Casa,5,5,3,386,447760.00
Puerto Plata,Puerto Plata,Cabarete,Apartamento,2,4,2,84,140196.00
La Altagracia,Punta Cana,White Sands,Apartamento,1,4,2,242,277816.00
Santo Domingo,Santo Domingo Oeste,Villa Aura,Apartamento,2,1,1,255,396525.00
Samaná,Las Terrenas,Cosón,Apartamento,2,4,1,66,138996.00
Santo Domingo,Santo Domingo Este,Ensanche Ozama,Casa,4,3,2,273,328965.00
Samaná,Las Terrenas,Pueblo de los Pescadores,Villa,4,3,4,260,447720.00
San Pedro de Macorís,Juan Dolio,Guavaberry,Casa,4,3,3,360,752400.00
Santo Domingo,Santo Domingo Oeste,Villa Aura,Casa,6,3,3,672,680736.00
La Altagracia,Punta Cana,El Cortecito,Apartamento,4,4,2,179,355673.00
Santo Domingo,Santo Domingo Norte,Sabana Perdida,Casa,6,5,2,487,1007116.00
La Romana,La Romana,Casa de Campo,Apartamento,2,3,2,168,449400.00
San Pedro de Macorís,Juan Dolio,Guavaberry,Apartamento,,1,2,84,173124.00
Santo Domingo,Santo Domingo Norte,Avenida Jacobo Majluta,Casa,5,5,3,605,1003090.00
La Altagracia,Punta Cana,El Cortecito,Apartamento,1,4,1,81,152928.00
Samaná,Las Terrenas,Playa Bonita,Casa,6,4,4,536,1014648.00
San Pedro de Macorís,Juan Dolio,Playa Juan Dolio,Apartamento,1,4,2,238,381990.00
Santo Domingo,Santo Domingo Oeste,Manoguayabo,Casa,5,2,4,331,458435.00
Samaná,Las Terrenas,Cosón,Penthouse,3,4,2,528,1417152.00
Santo Domingo,Santo Domingo Norte,Villa Mella,Casa,3,5,3,262,500682.00
Santo Domingo,Santo Domingo Oeste,Manoguayabo,Casa,6,4,4,489,916875.00
La Romana,La Romana,Central Romana,Villa,5,5,4,271,290783.00
Samaná,Las Terrenas,Cosón,Villa,5,3,4,587,1338947.00
Santiago,Santiago de los Caballeros,Gurabo,Townhouse,4,1,1,67,130985.00
La Romana,La Romana,Buena Vista,Apartamento,4,2,1,145,214745.00
Santo Domingo,Santo Domingo Norte,Avenida Jacobo Majluta,Apartamento,1,4,1,97,146567.00
Distrito Nacional,Santo Domingo,Bella Vista,Villa,4,4,3,631,1345923.00
Samaná,Las Terrenas,Playa Bonita,Villa,4,2,3,267,433341.00
Santo Domingo,Santo Domingo Este,Coral Mall,Casa,3,6,2,669,1232967.00
Santo Domingo,Santo Domingo Este,Alma Rosa,Casa,3,6,2,279,357678.00
La Romana,La Romana,Casa de Campo,Apartamento,3,4,2,243,674082.00
Samaná,Las Terrenas,Cosón,Apartamento,3,3,1,142,272072.00
Puerto Plata,Puerto Plata,Playa Dorada,Casa,5,4,2,183,326655.00
Puerto Plata,Puerto Plata,Cabarete,Casa,3,6,3,434,696136.00
San Pedro de Macorís,Juan Dolio,Playa Juan Dolio,Apartamento,4,4,1,50,87950.00
Distrito Nacional,Santo Domingo,La Julia,Villa,5,5,2,676,1128244.00
Samaná,Las Terrenas,Playa Bonita,Apartamento,4,1,2,125,187375.00
Santo Domingo,Santo Domingo Norte,Villa Mella,Casa,3,4,4,741,1338246.00
Santo Domingo,Santo Domingo Norte,Sabana Perdida,Townhouse,4,2,1,104,150696.00
Santo Domingo,Santo Domingo Este,Alma Rosa,Apartamento,1,2,2,148,247752.00
Santo Domingo,Santo Domingo Oeste,Villa Aura,Apartamento,1,2,2,73,130013.00
Santo Domingo,Santo Domingo Oeste,Herrera,Apartamento,4,4,2,256,403712.00
Santo Domingo,Santo Domingo Oeste,Villa Aura,Casa,3,2,2,528,1088736.00
Santo Domingo,Santo Domingo Oeste,Herrera,Apartamento,2,3,2,197,217291.00
Santiago,Santiago de los Caballeros,Gurabo,Apartamento,2,4,2,131,241957.00
Santo Domingo,Santo Domingo Norte,Avenida Jacobo Majluta,Casa,3,6,3,503,576438.00
Santiago,Santiago de los Caballeros,La Trinitaria,Apartamento,4,2,2,87,157731.00
Samaná,Las Terrenas,Cosón,Apartamento,1,3,2,211,325151.00
San Pedro de Macorís,Juan Dolio,Guavaberry,Apartamento,4,1,2,89,136259.00
Santo Domingo,Santo Domingo Oeste,Herrera,Penthouse,3,4,4,420,887040.00
Santo Domingo,Santo Domingo Norte,Villa Mella,Apartamento,3,4,2,139,264239.00
Puerto Plata,Puerto Plata,Sosúa,Apartamento,3,3,1,229,436474.00
Santo Domingo,Santo Domingo Este,Ensanche Ozama,Apartamento,1,3,2,217,311395.00
Samaná,Las Terrenas,Playa Bonita,Apartamento,4,3,1,103,159238.00
Santo Domingo,Santo Domingo Oeste,Herrera,Apartamento,1,2,2,159,229596.00
Distrito Nacional,Santo Domingo,Naco,Apartamento,4,2,1,80,222320.00
Samaná,Las Terrenas,Cosón,Townhouse,4,2,1,80,127440.00
Puerto Plata,Puerto Plata,Torre Alta,Apartamento,2,4,1,249,510201.00
Puerto Plata,Puerto Plata,Costámbar,Apartamento,4,3,1,80,107040.00
Santo Domingo,Santo Domingo Este,Alma Rosa,Apartamento,2,1,2,120,155160.00
Samaná,Las Terrenas,Playa Bonita,Apartamento,4,3,1,75,132450.00
Santo Domingo,Santo Domingo Este,Lucerna,Penthouse,5,3,3,230,530380.00
La Romana,La Romana,Central Romana,Apartamento,4,1,1,242,368808.00
Santo Domingo,Santo Domingo Este,Ensanche Ozama,Villa,4,2,4,637,951041.00
Santo Domingo,Santo Domingo Este,Alma Rosa,Casa,4,3,2,442,407082.00
Santo Domingo,Santo Domingo Este,Alma Rosa,Apartamento,3,2,2,218,239800.00
Santo Domingo,Santo Domingo Oeste,Villa Aura,Casa,5,6,3,323,656013.00
San Pedro de Macorís,Juan Dolio,Playa Juan Dolio,Apartamento,3,2,1,219,260829.00
Santo Domingo,Santo Domingo Oeste,Herrera,Casa,5,3,2,745,962540.00
Samaná,Las Terrenas,Cosón,Casa,6,2,4,441,609903.00
Puerto Plata,Puerto Plata,Cabarete,Apartamento,1,3,2,227,316211.00
La Romana,La Romana,Casa de Campo,Casa,5,3,4,561,1742466.00
La Romana,La Romana,Central Romana,Casa,4,4,3,568,512904.00
Samaná,Las Terrenas,Playa Bonita,Casa,3,6,2,741,1247103.00
Santo Domingo,Santo Domingo Este,Coral Mall,Apartamento,3,3,2,87,135894.00
Santiago,Santiago de los Caballeros,Gurabo,Casa,4,5,2,306,369954.00
La Romana,La Romana,Central Romana,Villa,6,2,4,537,1226508.00
Samaná,Las Terrenas,Cosón,Apartamento,1,1,1,131,248507.00
Santo Domingo,Santo Domingo Norte,Colinas del Arroyo,Villa,6,5,4,310,427800.00
Distrito Nacional,Santo Domingo,Sarasota,Apartamento,2,2,2,195,321165.00
Distrito Nacional,Santo Domingo,La Julia,Apartamento,2,4,2,96,191808.00
La Altagracia,Punta Cana,El Cortecito,Apartamento,3,4,1,128,163584.00
Santiago,Santiago de los Caballeros,La Barranquita,Apartamento,1,1,1,236,375476.00
Santo Domingo,Santo Domingo Este,Ensanche Ozama,Apartamento,1,3,2,256,286976.00
Puerto Plata,Puerto Plata,Playa Dorada,Penthouse,3,4,3,483,1393938.00
La Romana,La Romana,Central Romana,Casa,3,6,2,187,321640.00
La Romana,La Romana,Central Romana,Apartamento,1,4,1,222,346320.00
Santo Domingo,Santo Domingo Norte,Villa Mella,Apartamento,2,3,1,158,334012.00
Puerto Plata,Puerto Plata,Cabarete,Apartamento,1,3,1,188,252108.00
Santiago,Santiago de los Caballeros,Los Colegios,Apartamento,3,2,1,238,453628.00
Santo Domingo,Santo Domingo Oeste,Villa Aura,Penthouse,5,5,2,457,1263605.00
San Pedro de Macorís,Juan Dolio,Metro Country Club,Apartamento,4,3,2,140,184660.00
Distrito Nacional,Santo Domingo,La Julia,Villa,4,5,3,189,199773.00
Puerto Plata,Puerto Plata,Torre Alta,Casa,4,5,2,679,586656.00
Santo Domingo,Santo Domingo Norte,Colinas del Arroyo,Casa,6,4,3,553,955031.00
Santo Domingo,Santo Domingo Norte,Colinas del Arroyo,Casa,6,5,2,323,508402.00
Puerto Plata,Puerto Plata,Sosúa,Apartamento,2,1,1,122,144204.00
Santo Domingo,Santo Domingo Norte,Sabana Perdida,Apartamento,3,1,1,220,331540.00
San Pedro de Macorís,Juan Dolio,Playa Juan Dolio,Townhouse,1,4,2,190,401660.00
Santo Domingo,Santo Domingo Norte,Colinas del Arroyo,Apartamento,4,4,1,78,102960.00
Distrito Nacional,Santo Domingo,Bella Vista,Casa,3,3,2,530,916370.00
Samaná,Las Terrenas,Pueblo de los Pescadores,Casa,6,4,3,677,689863.00
Puerto Plata,Puerto Plata,Cabarete,Apartamento,2,2,2,246,328410.00
Santiago,Santiago de los Caballeros,La Trinitaria,Apartamento,4,2,2,230,467360.00
La Romana,La Romana,Central Romana,Casa,4,3,2,315,526365.00
Distrito Nacional,Santo Domingo,Gazcue,Townhouse,2,4,1,207,312156.00
Santo Domingo,Santo Domingo Este,Autopista San Isidro,Casa,6,6,3,416,542464.00
La Altagracia,Punta Cana,El Cortecito,Apartamento,4,1,2,78,128778.00
La Altagracia,Punta Cana,Punta Cana Village,Penthouse,5,4,2,383,611651.00
Santo Domingo,Santo Domingo Norte,Villa Mella,Casa,5,3,3,663,943449.00
Samaná,Las Terrenas,Playa Bonita,Apartamento,3,4,2,135,232605.00
Santo Domingo,Santo Domingo Este,Alma Rosa,Apartamento,2,3,2,239,439760.00
Samaná,Las Terrenas,Pueblo de los Pescadores,Apartamento,2,3,1,199,375314.00
Santo Domingo,Santo Domingo Este,Alma Rosa,Casa,3,2,4,375,466875.00
San Pedro de Macorís,Juan Dolio,Metro Country Club,Casa,5,4,4,665,839895.00
La Romana,La Romana,Central Romana,Casa,4,3,3,743,1015681.00
La Romana,La Romana,Buena Vista,Villa,6,2,3,249,457662.00
Puerto Plata,Puerto Plata,Playa Dorada,Penthouse,5,3,2,526,1084086.00
Santo Domingo,Santo Domingo Norte,Colinas del Arroyo,Casa,3,3,4,587,1093581.00
La Romana,La Romana,Central Romana,Townhouse,2,4,2,193,366507.00
Puerto Plata,Puerto Plata,Playa Dorada,Casa,4,2,2,403,830986.00
Distrito Nacional,Santo Domingo,Sarasota,Apartamento,3,3,1,125,206125.00
La Romana,La Romana,Casa de Campo,Casa,3,6,2,478,688798.00
Santo Domingo,Santo Domingo Norte,Colinas del Arroyo,Penthouse,4,3,4,347,669710.00
La Romana,La Romana,Casa de Campo,Casa,5,6,3,512,809472.00
La Romana,La Romana,Buena Vista,Apartamento,4,3,2,64,71744.00
La Altagracia,Punta Cana,Cap Cana,Apartamento,3,2,2,54,110214.00
Puerto Plata,Puerto Plata,Costámbar,Villa,4,5,2,512,716800.00
Santo Domingo,Santo Domingo Oeste,Manoguayabo,Casa,4,5,3,331,606061.00
Santo Domingo,Santo Domingo Este,San Isidro,Casa,4,3,2,682,831358.00
Santiago,Santiago de los Caballeros,Gurabo,Apartamento,2,4,1,67,93331.00
Santo Domingo,Santo Domingo Este,San Isidro,Casa,6,2,4,719,813189.00
Distrito Nacional,Santo Domingo,Mirador Sur,Casa,6,2,2,193,418617.00
Distrito Nacional,Santo Domingo,Bella Vista,Casa,3,4,2,193,167717.00
Santo Domingo,Santo Domingo Este,Las Américas,Apartamento,3,1,1,85,177055.00
Samaná,Las Terrenas,Cosón,Villa,5,4,3,338,455962.00
Distrito Nacional,Santo Domingo,Sarasota,Apartamento,1,1,1,76,129732.00
Santo Domingo,Santo Domingo Este,Las Américas,Villa,6,3,2,409,367691.00
Santo Domingo,Santo Domingo Oeste,Manoguayabo,Apartamento,3,3,1,225,424575.00
Santo Domingo,Santo Domingo Este,San Isidro,Casa,3,3,2,468,739908.00
Santo Domingo,Santo Domingo Este,Las Américas,Apartamento,3,1,1,204,287436.00
Santo Domingo,Santo Domingo Norte,Sabana Perdida,Apartamento,2,4,1,220,377740.00
Samaná,Las Terrenas,Cosón,Apartamento,1,,2,219,406245.00
Santo Domingo,Santo Domingo Este,Autopista San Isidro,Casa,4,3,3,331,545819.00
San Pedro de Macorís,Juan Dolio,Playa Juan Dolio,Apartamento,4,1,1,197,389075.00
Santiago,Santiago de los Caballeros,Cerro Alto,Casa,4,3,3,541,813123.00
San Pedro de Macorís,Juan Dolio,Guavaberry,Apartamento,4,3,1,255,408765.00
Puerto Plata,Puerto Plata,Torre Alta,Apartamento,4,2,2,71,139373.00
La Romana,La Romana,Central Romana,Apartamento,2,1,1,142,156910.00
Santo Domingo,Santo Domingo Oeste,Herrera,Apartamento,4,2,1,65,117975.00
La Altagracia,Punta Cana,Cap Cana,Casa,4,6,3,428,849580.00
Santo Domingo,Santo Domingo Oeste,Herrera,Apartamento,1,2,2,237,273261.00
Puerto Plata,Puerto Plata,Costámbar,Casa,3,6,2,668,1380088.00
Santo Domingo,Santo Domingo Norte,Villa Mella,Casa,4,2,2,258,225750.00
Samaná,Las Terrenas,Cosón,Casa,4,5,4,323,623390.00
Santiago,Santiago de los Caballeros,Villa Olga,Apartamento,3,4,1,123,163221.00
Santo Domingo,Santo Domingo Norte,Villa Mella,Villa,3,6,2,695,818710.00
Distrito Nacional,Santo Domingo,Renacimiento,Villa,6,6,4,444,897324.00
La Romana,La Romana,Buena Vista,Apartamento,4,2,2,73,136729.00
Santo Domingo,Santo Domingo Norte,Avenida Jacobo Majluta,Apartamento,1,2,2,97,122026.00
San Pedro de Macorís,Juan Dolio,Guavaberry,Apartamento,4,4,1,63,117180.00
Puerto Plata,Puerto Plata,Cabarete,Casa,3,2,3,523,474361.00
Santo Domingo,Santo Domingo Oeste,Villa Aura,Casa,3,2,2,191,283253.00
Santo Domingo,Santo Domingo Oeste,Prolongación 27,Apartamento,1,2,2,71,84561.00
Samaná,Las Terrenas,Cosón,Casa,5,2,3,188,297040.00
Santiago,Santiago de los Caballeros,La Barranquita,Apartamento,3,4,2,83,107817.00
La Altagracia,Punta Cana,El Cortecito,Villa,3,6,2,204,418608.00
Puerto Plata,Puerto Plata,Torre Alta,Apartamento,1,3,1,88,180224.00
Santo Domingo,Santo Domingo Este,Lucerna,Casa,4,3,4,324,381996.00
La Romana,La Romana,Central Romana,Townhouse,3,4,1,136,230520.00
La Altagracia,Punta Cana,Cocotal,Villa,6,2,4,576,771264.00
Santo Domingo,Santo Domingo Oeste,Herrera,Townhouse,4,1,1,86,149038.00
La Romana,La Romana,Casa de Campo,Apartamento,4,3,1,125,277000.00
Santo Domingo,Santo Domingo Este,Coral Mall,Apartamento,3,1,1,95,194085.00
Santiago,Santiago de los Caballeros,Villa Olga,Townhouse,4,2,1,195,409305.00
Distrito Nacional,Santo Domingo,La Julia,Villa,6,5,4,312,546624.00
La Altagracia,Punta Cana,Cocotal,Villa,5,4,,603,1137258.00
Santiago,Santiago de los Caballeros,Gurabo,Apartamento,1,2,1,89,117035.00
Santiago,Santiago de los Caballeros,La Barranquita,Casa,6,2,2,577,1036292.00
Santo Domingo,Santo Domingo Este,Coral Mall,Apartamento,4,1,1,96,126816.00
Puerto Plata,Puerto Plata,Torre Alta,Casa,5,2,3,530,1106110.00
San Pedro de Macorís,Juan Dolio,Metro Country Club,Apartamento,4,1,2,166,195548.00
La Romana,La Romana,Casa de Campo,Penthouse,3,5,2,383,1580641.00
Distrito Nacional,Santo Domingo,Mirador Sur,Apartamento,1,3,2,171,262827.00
Distrito Nacional,Santo Domingo,Evaristo Morales,Villa,6,4,3,360,367560.00
Santo Domingo,Santo Domingo Norte,Villa Mella,Casa,3,4,4,642,1097178.00
La Romana,La Romana,Casa de Campo,Apartamento,3,2,1,73,223672.00
La Altagracia,Punta Cana,Punta Cana Village,Casa,5,5,3,666,1296036.00
Santo Domingo,Santo Domingo Norte,Sabana Perdida,Apartamento,4,1,1,69,96324.00
La Altagracia,Punta Cana,White Sands,Townhouse,3,1,1,167,234134.00
San Pedro de Macorís,Juan Dolio,Guavaberry,Casa,6,4,4,183,324276.00
Santo Domingo,Santo Domingo Norte,Sabana Perdida,Apartamento,1,1,1,240,356160.00
Puerto Plata,Puerto Plata,Playa Dorada,Apartamento,4,2,2,103,153573.00
Samaná,Las Terrenas,Playa Bonita,Apartamento,3,1,2,128,272384.00
Santo Domingo,Santo Domingo Este,Lucerna,Apartamento,4,4,2,140,254940.00
La Romana,La Romana,Buena Vista,Apartamento,3,1,1,167,330159.00
La Altagracia,Punta Cana,Cap Cana,Apartamento,2,4,2,122,377224.00
Santiago,Santiago de los Caballeros,El Dorado II,Townhouse,1,1,1,207,401994.00
Santo Domingo,Santo Domingo Este,San Isidro,Apartamento,1,4,1,220,372460.00
Puerto Plata,Puerto Plata,Cabarete,Casa,6,6,3,297,371250.00
San Pedro de Macorís,Juan Dolio,Metro Country Club,Apartamento,4,4,2,51,95217.00
Santo Domingo,Santo Domingo Oeste,Villa Aura,Casa,5,4,3,427,366366.00
Puerto Plata,Puerto Plata,Sosúa,Casa,4,4,4,505,775680.00
Santo Domingo,Santo Domingo Norte,Sabana Perdida,Casa,6,3,4,582,555810.00
Samaná,Las Terrenas,Cosón,Casa,6,3,3,505,964045.00
Santo Domingo,Santo Domingo Norte,Sabana Perdida,Casa,4,6,2,581,1239854.00
Santiago,Santiago de los Caballeros,Cerro Alto,Penthouse,3,3,2,233,558035.00
Distrito Nacional,Santo Domingo,Mirador Sur,Casa,3,6,3,205,228985.00
San Pedro de Macorís,Juan Dolio,Playa Juan Dolio,Apartamento,3,2,1,217,337218.00
Santiago,Santiago de los Caballeros,La Trinitaria,Apartamento,2,4,2,218,407006.00
Santiago,Santiago de los Caballeros,El Dorado II,Penthouse,5,3,4,516,882876.00
Santo Domingo,Santo Domingo Este,San Isidro,Penthouse,3,3,2,364,741104.00
Santo Domingo,Santo Domingo Norte,Villa Mella,Casa,5,3,3,283,524965.00
Distrito Nacional,Santo Domingo,Renacimiento,Casa,3,3,4,609,985362.00
La Altagracia,Punta Cana,White Sands,Penthouse,3,3,3,225,419625.00
Samaná,Las Terrenas,Pueblo de los Pescadores,Apartamento,1,1,2,138,288558.00
Samaná,Las Terrenas,Pueblo de los Pescadores,Apartamento,2,3,1,99,114840.00
La Romana,La Romana,Casa de Campo,Apartamento,2,2,2,79,189047.00
Distrito Nacional,Santo Domingo,La Julia,Casa,3,3,3,460,844560.00
Santo Domingo,Santo Domingo Oeste,Herrera,Apartamento,3,4,2,161,345989.00
Puerto Plata,Puerto Plata,Cabarete,Casa,4,4,3,285,582825.00
Samaná,Las Terrenas,Cosón,Casa,4,5,3,636,1092012.00
Samaná,Las Terrenas,Pueblo de los Pescadores,Casa,5,6,2,572,988988.00
Santo Domingo,Santo Domingo Oeste,Villa Aura,Apartamento,1,4,1,58,124526.00
Santiago,Santiago de los Caballeros,La Barranquita,Casa,5,5,2,297,361746.00
La Altagracia,Punta Cana,El Cortecito,Apartamento,3,2,1,105,195405.00
La Altagracia,Punta Cana,Cap Cana,Apartamento,1,1,2,226,393014.00
La Altagracia,Punta Cana,Cap Cana,Apartamento,3,2,1,148,385392.00
Samaná,Las Terrenas,Playa Bonita,Apartamento,1,3,1,196,384748.00
Puerto Plata,Puerto Plata,Costámbar,Villa,4,3,2,685,1281635.00
Distrito Nacional,Santo Domingo,Gazcue,Apartamento,1,4,1,203,359107.00
Samaná,Las Terrenas,Cosón,Casa,3,4,2,184,330280.00
Santiago,Santiago de los Caballeros,Cerro Alto,Villa,6,2,4,720,669600.00
La Altagracia,Punta Cana,White Sands,Casa,6,2,3,488,689056.00
La Altagracia,Punta Cana,Punta Cana Village,Apartamento,3,4,1,150,256650.00
San Pedro de Macorís,Juan Dolio,Guavaberry,Villa,3,4,4,285,259065.00
Santo Domingo,Santo Domingo Oeste,Herrera,Villa,4,2,3,626,821938.00
Santo Domingo,Santo Domingo Norte,Villa Mella,Casa,5,6,2,233,321773.00
Distrito Nacional,Santo Domingo,Naco,Casa,5,2,3,517,1808983.00
Samaná,Las Terrenas,Cosón,Casa,4,3,4,651,712845.00
Santo Domingo,Santo Domingo Norte,Colinas del Arroyo,Villa,6,5,4,305,584990.00
La Romana,La Romana,Casa de Campo,Apartamento,4,3,2,247,799292.00
Santo Domingo,Santo Domingo Oeste,Herrera,Casa,5,2,3,428,941600.00
Santo Domingo,Santo Domingo Oeste,Herrera,Casa,6,2,2,193,429039.00
Santo Domingo,Santo Domingo Oeste,Manoguayabo,Villa,4,5,2,528,674256.00
Samaná,Las Terrenas,Pueblo de los Pescadores,Apartamento,3,3,2,217,307055.00
La Romana,La Romana,Casa de Campo,Penthouse,3,4,3,451,1936143.00
La Romana,La Romana,Casa de Campo,Apartamento,2,1,2,158,351550.00
Santiago,Santiago de los Caballeros,El Dorado II,Casa,3,2,2,196,351428.00
Santo Domingo,Santo Domingo Norte,Colinas del Arroyo,Casa,6,4,3,301,595077.00
Santo Domingo,Santo Domingo Este,Coral Mall,Apartamento,2,4,2,180,320940.00
Distrito Nacional,Santo Domingo,El Millón,Casa,3,2,4,571,979265.00
Santo Domingo,Santo Domingo Oeste,Villa Aura,Casa,4,6,3,722,1511868.00
San Pedro de Macorís,Juan Dolio,Playa Juan Dolio,Apartamento,1,2,1,106,141510.00
Distrito Nacional,Santo Domingo,Piantini,Apartamento,2,1,1,120,290640.00
Samaná,Las Terrenas,Pueblo de los Pescadores,Apartamento,4,4,1,106,174794.00
San Pedro de Macorís,Juan Dolio,Metro Country Club,Casa,4,4,4,474,1087830.00
Samaná,Las Terrenas,Cosón,Apartamento,1,2,2,239,412275.00
Santo Domingo,Santo Domingo Oeste,Prolongación 27,Apartamento,1,2,1,135,274320.00
Santo Domingo,Santo Domingo Norte,Villa Mella,Apartamento,4,3,1,95,155800.00
Santo Domingo,Santo Domingo Este,Ensanche Ozama,Apartamento,1,3,2,199,219298.00
San Pedro de Macorís,Juan Dolio,Metro Country Club,Apartamento,1,1,2,108,230040.00
Santo Domingo,Santo Domingo Norte,Avenida Jacobo Majluta,Apartamento,1,3,2,165,347160.00
La Altagracia,Punta Cana,Cocotal,Casa,6,4,3,649,569173.00
La Altagracia,Punta Cana,Punta Cana Village,Apartamento,4,1,2,225,256950.00
Santo Domingo,Santo Domingo Norte,Sabana Perdida,Villa,4,4,3,211,284850.00
Samaná,Las Terrenas,Pueblo de los Pescadores,Apartamento,4,3,1,240,307680.00
Santo Domingo,Santo Domingo Oeste,Manoguayabo,Apartamento,3,4,1,117,212238.00
La Altagracia,Punta Cana,El Cortecito,Apartamento,3,3,1,60,108180.00
Samaná,Las Terrenas,Playa Bonita,Apartamento,4,3,2,78,87126.00
San Pedro de Macorís,Juan Dolio,Playa Juan Dolio,Casa,4,6,3,346,508966.00
San Pedro de Macorís,Juan Dolio,Guavaberry,Casa,5,2,3,221,286195.00
Santiago,Santiago de los Caballeros,El Dorado II,Casa,5,2,3,540,1189080.00
Distrito Nacional,Santo Domingo,Piantini,Casa,5,4,4,338,537420.00
Santiago,Santiago de los Caballeros,Cerro Alto,Townhouse,2,4,1,124,191952.00
Distrito Nacional,Santo Domingo,El Millón,Penthouse,3,5,4,417,986205.00
Puerto Plata,Puerto Plata,Sosúa,Villa,5,6,3,357,715428.00
Puerto Plata,Puerto Plata,Costámbar,Villa,4,3,3,318,541236.00
La Romana,La Romana,Casa de Campo,Apartamento,1,3,2,189,432054.00
Puerto Plata,Puerto Plata,Torre Alta,Casa,6,4,4,546,987714.00
La Altagracia,Punta Cana,El Cortecito,Apartamento,4,4,1,193,222722.00
Puerto Plata,Puerto Plata,Sosúa,Apartamento,3,2,2,82,139400.00
Distrito Nacional,Santo Domingo,Renacimiento,Casa,3,5,4,651,625611.00
Santo Domingo,Santo Domingo Este,Alma Rosa,Casa,3,4,4,279,403155.00
Samaná,Las Terrenas,Cosón,Apartamento,1,1,1,229,347851.00
La Romana,La Romana,Casa de Campo,Apartamento,4,2,1,222,487068.00
Santiago,Santiago de los Caballeros,Los Colegios,Apartamento,1,4,1,79,97723.00
Distrito Nacional,Santo Domingo,Bella Vista,Apartamento,1,1,1,102,133824.00
San Pedro de Macorís,Juan Dolio,Metro Country Club,Villa,6,5,2,304,445056.00
Puerto Plata,Puerto Plata,Torre Alta,Townhouse,2,3,2,218,294736.00
Puerto Plata,Puerto Plata,Cabarete,Apartamento,2,2,1,93,199671.00
La Romana,La Romana,Casa de Campo,Apartamento,3,3,1,200,653600.00
La Altagracia,Punta Cana,White Sands,Casa,6,2,3,606,1042320.00
Santo Domingo,Santo Domingo Norte,Villa Mella,Casa,3,6,3,191,389258.00
Santiago,Santiago de los Caballeros,Gurabo,Apartamento,4,1,2,85,174930.00
San Pedro de Macorís,Juan Dolio,Guavaberry,Casa,4,4,4,695,890295.00
La Altagracia,Punta Cana,White Sands,Apartamento,1,2,1,140,251160.00
San Pedro de Macorís,Juan Dolio,Playa Juan Dolio,Villa,4,4,4,490,811440.00
Santo Domingo,Santo Domingo Este,Autopista San Isidro,Apartamento,4,4,1,197,421186.00
La Romana,La Romana,Buena Vista,Casa,5,6,4,536,1097192.00
Samaná,Las Terrenas,Cosón,Casa,3,3,2,278,614936.00
Santo Domingo,Santo Domingo Este,San Isidro,Penthouse,4,4,2,341,584815.00
Santo Domingo,Santo Domingo Norte,Sabana Perdida,Apartamento,4,1,1,206,332072.00
Santo Domingo,Santo Domingo Este,Alma Rosa,Villa,3,5,3,210,253260.00
La Altagracia,Punta Cana,Bávaro,Apartamento,4,2,1,100,161700.00
San Pedro de Macorís,Juan Dolio,Guavaberry,Apartamento,2,2,1,161,240373.00
Santo Domingo,Santo Domingo Este,Las Américas,Casa,3,3,2,323,277780.00
La Altagracia,Punta Cana,El Cortecito,Apartamento,1,3,1,224,473984.00
Santo Domingo,Santo Domingo Oeste,Prolongación 27,Apartamento,4,3,2,208,287456.00
Santo Domingo,Santo Domingo Este,San Isidro,Apartamento,4,1,1,82,140220.00
Santo Domingo,Santo Domingo Este,Alma Rosa,Apartamento,1,3,1,107,181151.00
Santiago,Santiago de los Caballeros,La Barranquita,Apartamento,1,2,2,69,109986.00
La Romana,La Romana,Central Romana,Apartamento,4,1,1,199,410736.00
Santiago,Santiago de los Caballeros,Gurabo,Casa,6,4,2,522,506862.00
Santo Domingo,Santo Domingo Norte,Avenida Jacobo Majluta,Apartamento,3,1,1,176,219824.00
Samaná,Las Terrenas,Pueblo de los Pescadores,Apartamento,1,3,1,156,197340.00
La Romana,La Romana,Buena Vista,Penthouse,4,5,2,273,429156.00
San Pedro de Macorís,Juan Dolio,Playa Juan Dolio,Casa,5,5,3,490,644840.00
Distrito Nacional,Santo Domingo,Piantini,Casa,4,6,4,568,1977208.00
Distrito Nacional,Santo Domingo,Sarasota,Apartamento,4,4,1,160,315840.00
La Romana,La Romana,Casa de Campo,Casa,3,6,3,540,1042740.00
La Altagracia,Punta Cana,El Cortecito,Penthouse,3,3,2,521,791920.00
Santo Domingo,Santo Domingo Oeste,Manoguayabo,Apartamento,1,1,1,258,313728.00
Santo Domingo,Santo Domingo Este,Alma Rosa,Casa,4,4,2,501,784566.00
Samaná,Las Terrenas,Pueblo de los Pescadores,Villa,5,3,4,587,1074210.00
Santo Domingo,Santo Domingo Este,Lucerna,Casa,5,6,2,686,1573684.00
La Altagracia,Punta Cana,Cap Cana,Apartamento,3,3,2,217,538160.00
La Romana,La Romana,Buena Vista,Apartamento,1,1,2,155,324725.00
Santiago,Santiago de los Caballeros,El Dorado II,Casa,4,6,2,492,975144.00
Santo Domingo,Santo Domingo Oeste,Herrera,Apartamento,2,1,1,228,456228.00
San Pedro de Macorís,Juan Dolio,Metro Country Club,Casa,3,4,3,573,839445.00
Santo Domingo,Santo Domingo Este,Alma Rosa,Casa,6,5,2,571,934727.00
San Pedro de Macorís,Juan Dolio,Metro Country Club,Casa,6,3,4,621,1204740.00
Distrito Nacional,Santo Domingo,Gazcue,Casa,5,2,4,524,726788.00
Samaná,Las Terrenas,Playa Bonita,Apartamento,3,4,2,250,304000.00
Santo Domingo,Santo Domingo Este,Las Américas,Apartamento,3,4,2,196,319872.00
Santo Domingo,Santo Domingo Norte,Sabana Perdida,Apartamento,2,2,1,121,200981.00
Santo Domingo,Santo Domingo Este,Ensanche Ozama,Apartamento,3,3,2,59,97999.00
La Altagracia,Punta Cana,Punta Cana Village,Apartamento,1,1,2,195,342615.00
Santiago,Santiago de los Caballeros,Cerro Alto,Apartamento,1,4,1,169,198575.00
La Altagracia,Punta Cana,El Cortecito,Apartamento,2,4,1,198,249876.00
Santiago,Santiago de los Caballeros,Villa María,Townhouse,4,2,2,246,409590.00
Santiago,Santiago de los Caballeros,Villa Olga,Casa,4,3,4,230,304980.00
Santo Domingo,Santo Domingo Este,Lucerna,Casa,6,6,3,222,440226.00
Santo Domingo,Santo Domingo Oeste,Herrera,Townhouse,3,3,1,223,406529.00
La Romana,La Romana,Central Romana,Casa,4,4,2,259,488992.00
San Pedro de Macorís,Juan Dolio,Metro Country Club,Apartamento,2,2,2,196,364560.00
Puerto Plata,Puerto Plata,Sosúa,Apartamento,3,2,1,133,244321.00
La Altagracia,Punta Cana,El Cortecito,Villa,5,5,3,211,248558.00
La Altagracia,Punta Cana,Bávaro,Casa,4,6,2,288,603936.00
Santo Domingo,Santo Domingo Oeste,Villa Aura,Apartamento,3,2,2,199,232034.00
Santo Domingo,Santo Domingo Norte,Sabana Perdida,Apartamento,1,1,1,194,413414.00
Samaná,Las Terrenas,Pueblo de los Pescadores,Apartamento,4,1,1,205,423735.00
La Romana,La Romana,Central Romana,Apartamento,3,2,2,112,198576.00
Santo Domingo,Santo Domingo Oeste,Villa Aura,Casa,5,2,4,426,750186.00
Puerto Plata,Puerto Plata,Costámbar,Casa,3,4,4,675,1410075.00
Santo Domingo,Santo Domingo Oeste,Manoguayabo,Apartamento,2,2,1,248,479632.00
Samaná,Las Terrenas,Pueblo de los Pescadores,Casa,5,4,3,501,546591.00
Santo Domingo,Santo Domingo Este,San Isidro,Apartamento,2,4,1,96,194784.00
Distrito Nacional,Santo Domingo,Bella Vista,Casa,5,6,4,661,698016.00
Santo Domingo,Santo Domingo Norte,Villa Mella,Villa,3,3,2,315,599760.00
La Romana,La Romana,Buena Vista,Penthouse,4,3,3,505,1006970.00
Santiago,Santiago de los Caballeros,El Dorado II,Apartamento,3,1,1,68,124168.00
San Pedro de Macorís,Juan Dolio,Guavaberry,Apartamento,4,3,2,229,314875.00
Santo Domingo,Santo Domingo Norte,Villa Mella,Casa,3,6,4,558,1244340.00
San Pedro de Macorís,Juan Dolio,Guavaberry,Apartamento,2,3,1,109,186172.00
San Pedro de Macorís,Juan Dolio,Guavaberry,Casa,6,4,3,573,860646.00
Santo Domingo,Santo Domingo Norte,Avenida Jacobo Majluta,Casa,4,5,4,464,940528.00
Samaná,Las Terrenas,Cosón,Casa,5,3,2,474,668340.00
San Pedro de Macorís,Juan Dolio,Guavaberry,Casa,4,4,3,288,381312.00
Santiago,Santiago de los Caballeros,Cerro Alto,Casa,4,2,4,220,430100.00
La Romana,La Romana,Casa de Campo,Casa,3,4,2,468,1464372.00
Puerto Plata,Puerto Plata,Torre Alta,Apartamento,4,3,1,233,313385.00
San Pedro de Macorís,Juan Dolio,Guavaberry,Apartamento,1,2,2,237,317106.00
La Altagracia,Punta Cana,Bávaro,Apartamento,2,1,2,90,192420.00
La Altagracia,Punta Cana,Punta Cana Village,Apartamento,1,3,1,160,208800.00
La Romana,La Romana,Buena Vista,Casa,3,2,2,320,656000.00
Puerto Plata,Puerto Plata,Cabarete,Apartamento,3,4,1,174,258042.00
San Pedro de Macorís,Juan Dolio,Guavaberry,Casa,3,6,4,399,341544.00
Puerto Plata,Puerto Plata,Sosúa,Apartamento,2,2,1,157,257166.00
Samaná,Las Terrenas,Cosón,Apartamento,2,3,2,185,271580.00
Santiago,Santiago de los Caballeros,La Trinitaria,Villa,6,5,4,581,1867334.00
La Altagracia,Punta Cana,Cocotal,Apartamento,1,2,1,243,410184.00
Puerto Plata,Puerto Plata,Torre Alta,Apartamento,4,1,1,168,294504.00
Santo Domingo,Santo Domingo Este,Coral Mall,Apartamento,2,4,2,203,394429.00
Santo Domingo,Santo Domingo Oeste,Herrera,Casa,4,5,2,510,706350.00
La Altagracia,Punta Cana,El Cortecito,Apartamento,4,4,2,116,140476.00
Santiago,Santiago de los Caballeros,Villa Olga,Apartamento,3,1,2,164,317996.00
Santo Domingo,Santo Domingo Oeste,Prolongación 27,Apartamento,1,3,1,204,232560.00
Distrito Nacional,Santo Domingo,Renacimiento,Casa,5,4,4,244,534604.00
Distrito Nacional,Santo Domingo,Sarasota,Casa,4,3,4,585,771615.00
Santiago,Santiago de los Caballeros,Cerro Alto,Penthouse,4,4,2,503,1010527.00
Distrito Nacional,Santo Domingo,Piantini,Villa,3,6,3,676,980200.00
Santo Domingo,Santo Domingo Norte,Colinas del Arroyo,Apartamento,2,2,1,119,161007.00
Puerto Plata,Puerto Plata,Torre Alta,Casa,5,2,2,255,480165.00
Puerto Plata,Puerto Plata,Sosúa,Casa,4,2,4,580,723260.00
Samaná,Las Terrenas,Cosón,Apartamento,4,1,2,120,244680.00
Santo Domingo,Santo Domingo Oeste,Herrera,Casa,6,5,3,619,643760.00
Santo Domingo,Santo Domingo Oeste,Manoguayabo,Apartamento,4,3,1,147,166845.00
San Pedro de Macorís,Juan Dolio,Playa Juan Dolio,Apartamento,3,1,2,107,123050.00
Puerto Plata,Puerto Plata,Cabarete,Apartamento,4,1,2,135,188190.00
Santo Domingo,Santo Domingo Este,Alma Rosa,Apartamento,2,4,1,71,98619.00
Puerto Plata,Puerto Plata,Playa Dorada,Villa,4,2,3,438,741534.00
Santiago,Santiago de los Caballeros,Villa María,Villa,3,4,4,596,513156.00
Santiago,Santiago de los Caballeros,La Trinitaria,Apartamento,4,4,2,216,529632.00
La Altagracia,Punta Cana,El Cortecito,Apartamento,1,1,2,229,288082.00
Puerto Plata,Puerto Plata,Cabarete,Apartamento,2,1,1,100,199600.00
Santo Domingo,Santo Domingo Este,Alma Rosa,Villa,6,3,4,717,1324299.00
Santo Domingo,Santo Domingo Norte,Sabana Perdida,Apartamento,3,1,2,125,206875.00
La Romana,La Romana,Buena Vista,Apartamento,3,2,1,124,188232.00
Samaná,Las Terrenas,Pueblo de los Pescadores,Apartamento,3,4,2,103,182928.00
Santo Domingo,Santo Domingo Norte,Avenida Jacobo Majluta,Apartamento,4,1,2,156,228852.00
Santo Domingo,Santo Domingo Norte,Sabana Perdida,Casa,3,4,4,372,467976.00
Santo Domingo,Santo Domingo Este,Las Américas,Apartamento,1,1,2,202,286840.00
Santo Domingo,Santo Domingo Este,Coral Mall,Apartamento,2,3,1,99,164538.00
Santiago,Santiago de los Caballeros,La Barranquita,Apartamento,3,3,2,115,174110.00
Santo Domingo,Santo Domingo Este,Las Américas,Casa,4,4,2,449,899796.00
Santo Domingo,Santo Domingo Este,Ensanche Ozama,Apartamento,4,3,2,256,529664.00
Santo Domingo,Santo Domingo Oeste,Prolongación 27,Casa,4,3,2,330,377190.00
Santo Domingo,Santo Domingo Norte,Sabana Perdida,Villa,5,2,2,320,607040.00
San Pedro de Macorís,Juan Dolio,Guavaberry,Apartamento,3,3,1,111,211455.00
Puerto Plata,Puerto Plata,Torre Alta,Apartamento,3,3,2,185,233100.00
Samaná,Las Terrenas,Playa Bonita,Townhouse,3,2,2,193,386772.00
San Pedro de Macorís,Juan Dolio,Playa Juan Dolio,Apartamento,1,4,2,95,109345.00
La Altagracia,Punta Cana,El Cortecito,Apartamento,3,4,1,207,308637.00
Puerto Plata,Puerto Plata,Costámbar,Casa,3,3,3,549,1057923.00
Santo Domingo,Santo Domingo Oeste,Herrera,Apartamento,3,1,2,114,242706.00
Distrito Nacional,Santo Domingo,Mirador Sur,Casa,5,5,3,224,509376.00
Santiago,Santiago de los Caballeros,Los Colegios,Apartamento,1,4,2,175,254625.00
San Pedro de Macorís,Juan Dolio,Playa Juan Dolio,Villa,3,2,3,209,439945.00
Santo Domingo,Santo Domingo Norte,Avenida Jacobo Majluta,Villa,4,2,3,302,291128.00
San Pedro de Macorís,Juan Dolio,Playa Juan Dolio,Apartamento,3,1,2,99,112266.00
La Altagracia,Punta Cana,White Sands,Villa,5,3,4,555,1058385.00
Distrito Nacional,Santo Domingo,Renacimiento,Apartamento,1,1,1,244,518988.00
Santo Domingo,Santo Domingo Norte,Colinas del Arroyo,Casa,6,2,3,383,865580.00
La Romana,La Romana,Buena Vista,Casa,3,4,3,539,588049.00
La Altagracia,Punta Cana,El Cortecito,Apartamento,1,4,1,79,101515.00
Santo Domingo,Santo Domingo Norte,Villa Mella,Casa,3,3,2,402,866712.00
La Altagracia,Punta Cana,El Cortecito,Casa,4,4,4,375,420375.00
Santiago,Santiago de los Caballeros,Gurabo,Apartamento,3,2,2,85,148410.00
Puerto Plata,Puerto Plata,Cabarete,Villa,5,3,2,482,665642.00
San Pedro de Macorís,Juan Dolio,Guavaberry,Casa,5,6,3,537,1162068.00
La Romana,La Romana,Buena Vista,Villa,4,2,4,574,670432.00
La Romana,La Romana,Central Romana,Casa,6,4,4,475,605150.00
La Altagracia,Punta Cana,White Sands,Townhouse,3,1,,116,179336.00
Santiago,Santiago de los Caballeros,Gurabo,Penthouse,5,5,4,315,778995.00
Santo Domingo,Santo Domingo Norte,Sabana Perdida,Apartamento,3,4,1,132,173448.00
La Altagracia,Punta Cana,Bávaro,Casa,6,4,3,282,347706.00
La Altagracia,Punta Cana,Punta Cana Village,Casa,4,2,3,647,1336055.00
Samaná,Las Terrenas,Pueblo de los Pescadores,Apartamento,4,4,1,114,212496.00
Samaná,Las Terrenas,Cosón,Apartamento,4,3,1,109,233042.00
Santo Domingo,Santo Domingo Este,San Isidro,Apartamento,3,4,1,91,195468.00
Santo Domingo,Santo Domingo Norte,Colinas del Arroyo,Villa,4,6,2,313,691104.00
La Altagracia,Punta Cana,Bávaro,Townhouse,3,2,2,167,318970.00
Santo Domingo,Santo Domingo Norte,Sabana Perdida,Casa,4,3,2,488,721752.00
Santo Domingo,Santo Domingo Este,Ensanche Ozama,Casa,4,5,2,430,500950.00
La Romana,La Romana,Buena Vista,Casa,4,4,2,662,1308112.00
Puerto Plata,Puerto Plata,Cabarete,Penthouse,5,4,3,344,583424.00
Puerto Plata,Puerto Plata,Cabarete,Apartamento,2,4,2,122,240218.00
Samaná,Las Terrenas,Cosón,Apartamento,3,4,1,106,155184.00
Santo Domingo,Santo Domingo Oeste,Villa Aura,Apartamento,1,4,1,215,337765.00
Santo Domingo,Santo Domingo Norte,Sabana Perdida,Casa,4,4,3,275,424875.00
Puerto Plata,Puerto Plata,Cabarete,Apartamento,3,3,2,222,462648.00
Distrito Nacional,Santo Domingo,Gazcue,Townhouse,4,2,1,151,198867.00
San Pedro de Macorís,Juan Dolio,Metro Country Club,Apartamento,1,4,1,91,159523.00
Santo Domingo,Santo Domingo Norte,Sabana Perdida,Apartamento,1,4,2,158,191338.00
Santiago,Santiago de los Caballeros,La Barranquita,Casa,3,6,3,694,1119422.00
San Pedro de Macorís,Juan Dolio,Playa Juan Dolio,Apartamento,3,1,1,158,297830.00
Santo Domingo,Santo Domingo Este,Ensanche Ozama,Casa,5,3,4,645,1122300.00
Distrito Nacional,Santo Domingo,El Millón,Casa,3,5,3,555,528360.00
Samaná,Las Terrenas,Pueblo de los Pescadores,Apartamento,4,3,2,246,282408.00
La Romana,La Romana,Buena Vista,Casa,5,5,2,637,964418.00
Santiago,Santiago de los Caballeros,Gurabo,Apartamento,3,1,2,113,164754.00
Santo Domingo,Santo Domingo Este,Las Américas,Casa,4,5,3,461,717777.00
San Pedro de Macorís,Juan Dolio,Playa Juan Dolio,Apartamento,4,1,1,133,247779.00
Distrito Nacional,Santo Domingo,Bella Vista,Apartamento,1,4,1,136,233648.00
Puerto Plata,Puerto Plata,Torre Alta,Casa,5,2,3,299,371358.00
Samaná,Las Terrenas,Cosón,Townhouse,2,1,2,196,405328.00
Santo Domingo,Santo Domingo Oeste,Manoguayabo,Casa,4,4,4,226,471888.00
Puerto Plata,Puerto Plata,Cabarete,Apartamento,3,1,2,103,117214.00
Puerto Plata,Puerto Plata,Cabarete,Casa,6,6,4,505,529240.00
Santo Domingo,Santo Domingo Oeste,Prolongación 27,Casa,5,3,2,474,993978.00
San Pedro de Macorís,Juan Dolio,Playa Juan Dolio,Apartamento,3,4,2,192,216000.00
La Altagracia,Punta Cana,Punta Cana Village,Apartamento,4,2,2,240,509040.00
Santo Domingo,Santo Domingo Oeste,Prolongación 27,Apartamento,3,4,1,219,275940.00
San Pedro de Macorís,Juan Dolio,Playa Juan Dolio,Townhouse,1,2,2,127,215519.00
La Altagracia,Punta Cana,El Cortecito,Apartamento,1,2,1,209,380380.00
Samaná,Las Terrenas,Cosón,Apartamento,1,3,2,110,205480.00
La Romana,La Romana,Casa de Campo,Apartamento,1,1,2,105,249270.00
Santo Domingo,Santo Domingo Este,Las Américas,Casa,4,5,4,598,938860.00
Santo Domingo,Santo Domingo Oeste,Manoguayabo,Penthouse,4,4,3,542,930072.00
La Altagracia,Punta Cana,Cocotal,Apartamento,4,2,2,176,360800.00
Santiago,Santiago de los Caballeros,Villa Olga,Casa,4,5,3,183,355020.00
La Altagracia,Punta Cana,El Cortecito,Apartamento,1,4,2,157,304580.00
Santo Domingo,Santo Domingo Oeste,Herrera,Apartamento,2,1,2,55,97075.00
Samaná,Las Terrenas,Playa Bonita,Casa,6,2,3,203,422443.00
Puerto Plata,Puerto Plata,Playa Dorada,Apartamento,2,2,2,144,228960.00
Santo Domingo,Santo Domingo Norte,,Penthouse,3,4,2,370,603840.00
Santo Domingo,Santo Domingo Oeste,Manoguayabo,Apartamento,4,2,1,168,356832.00
Santo Domingo,Santo Domingo Este,Autopista San Isidro,Apartamento,3,2,1,168,208824.00
Distrito Nacional,Santo Domingo,Piantini,Apartamento,4,4,2,68,205904.00
Santiago,Santiago de los Caballeros,El Dorado II,Apartamento,1,4,2,235,287170.00
Santiago,Santiago de los Caballeros,La Barranquita,Villa,3,4,3,703,1503014.00
San Pedro de Macorís,Juan Dolio,Guavaberry,Apartamento,1,2,2,244,324032.00
Santo Domingo,Santo Domingo Norte,Colinas del Arroyo,Apartamento,3,2,1,253,528264.00
Santo Domingo,Santo Domingo Oeste,Villa Aura,Casa,3,5,4,683,922733.00
Santiago,Santiago de los Caballeros,Villa María,Casa,6,4,3,444,893772.00
Santiago,Santiago de los Caballeros,Gurabo,Apartamento,2,3,1,106,197054.00
Samaná,Las Terrenas,Cosón,Apartamento,3,2,2,171,342000.00
Santiago,Santiago de los Caballeros,Cerro Alto,Apartamento,2,2,2,148,240648.00
Santo Domingo,Santo Domingo Oeste,Herrera,Villa,5,3,4,192,265152.00
La Altagracia,Punta Cana,White Sands,Apartamento,4,4,1,138,195822.00
Samaná,Las Terrenas,Pueblo de los Pescadores,Apartamento,3,4,2,215,310890.00
La Romana,La Romana,Buena Vista,Casa,6,2,4,246,381546.00
Santo Domingo,Santo Domingo Oeste,Villa Aura,Casa,4,4,4,302,658662.00
Santo Domingo,Santo Domingo Oeste,Villa Aura,Apartamento,1,2,1,143,166881.00
Puerto Plata,Puerto Plata,Sosúa,Townhouse,1,3,1,254,308356.00
San Pedro de Macorís,Juan Dolio,Playa Juan Dolio,Apartamento,2,3,1,226,361826.00
Santo Domingo,Santo Domingo Oeste,Manoguayabo,Casa,5,6,3,273,338247.00
Santo Domingo,Santo Domingo Este,Ensanche Ozama,Apartamento,1,2,1,112,232624.00
San Pedro de Macorís,Juan Dolio,Metro Country Club,Apartamento,1,3,1,100,207900.00
Santo Domingo,Santo Domingo Este,San Isidro,Casa,4,2,4,400,830000.00
San Pedro de Macorís,Juan Dolio,Guavaberry,Apartamento,4,1,2,249,373002.00
Samaná,Las Terrenas,Pueblo de los Pescadores,Apartamento,4,1,2,243,469719.00
Samaná,Las Terrenas,Cosón,Apartamento,2,3,2,181,304261.00
Santiago,Santiago de los Caballeros,Los Colegios,Villa,4,4,3,695,1029990.00
San Pedro de Macorís,Juan Dolio,Metro Country Club,Townhouse,2,4,1,131,280733.00
San Pedro de Macorís,Juan Dolio,Guavaberry,Casa,3,5,4,491,512113.00
San Pedro de Macorís,Juan Dolio,Guavaberry,Apartamento,2,2,1,245,385630.00
Santo Domingo,Santo Domingo Oeste,Villa Aura,Apartamento,3,4,1,225,385650.00
Samaná,Las Terrenas,Playa Bonita,Apartamento,2,3,1,99,189189.00
Santo Domingo,Santo Domingo Norte,Avenida Jacobo Majluta,Apartamento,2,3,2,217,423801.00
Santiago,Santiago de los Caballeros,La Trinitaria,Penthouse,4,4,3,294,969024.00
La Altagracia,Punta Cana,White Sands,Apartamento,3,4,2,158,300990.00
Puerto Plata,Puerto Plata,Sosúa,Apartamento,4,1,2,140,194040.00
San Pedro de Macorís,Juan Dolio,Guavaberry,Casa,4,3,4,442,642226.00
La Altagracia,Punta Cana,Bávaro,Apartamento,4,3,1,254,391160.00
Samaná,Las Terrenas,Pueblo de los Pescadores,Apartamento,3,1,1,112,159936.00
La Altagracia,Punta Cana,White Sands,Apartamento,4,1,2,226,473922.00
Santo Domingo,Santo Domingo Oeste,Villa Aura,Townhouse,4,1,1,64,115264.00
Santiago,Santiago de los Caballeros,Villa María,Apartamento,3,1,2,84,105084.00
La Altagracia,Punta Cana,White Sands,Apartamento,2,2,2,196,295764.00
La Romana,La Romana,Casa de Campo,Apartamento,3,3,2,226,400698.00
Santo Domingo,Santo Domingo Norte,Villa Mella,Villa,5,4,3,399,489573.00
La Altagracia,Punta Cana,El Cortecito,Casa,5,4,2,445,610540.00
Samaná,Las Terrenas,Pueblo de los Pescadores,Penthouse,3,3,4,430,1021250.00
Puerto Plata,Puerto Plata,Torre Alta,Apartamento,1,3,1,194,387030.00
Distrito Nacional,Santo Domingo,Sarasota,Villa,5,6,3,469,950663.00
La Altagracia,Punta Cana,White Sands,Casa,3,6,2,295,572005.00
Santo Domingo,Santo Domingo Norte,Villa Mella,Apartamento,4,2,1,246,487572.00
Santiago,Santiago de los Caballeros,Villa Olga,Apartamento,2,3,1,96,172320.00
San Pedro de Macorís,Juan Dolio,Playa Juan Dolio,Apartamento,4,1,2,197,335097.00
Distrito Nacional,Santo Domingo,Mirador Sur,Villa,3,2,2,510,879240.00
Santo Domingo,Santo Domingo Norte,Colinas del Arroyo,Villa,5,6,3,385,780010.00
La Altagracia,Punta Cana,White Sands,Villa,4,3,2,391,579071.00
Santo Domingo,Santo Domingo Norte,Villa Mella,Casa,3,3,4,536,531176.00
La Altagracia,Punta Cana,Punta Cana Village,Penthouse,5,3,2,375,687750.00
Puerto Plata,Puerto Plata,Costámbar,Casa,4,4,2,320,560000.00
Santo Domingo,Santo Domingo Este,Autopista San Isidro,Penthouse,3,4,4,326,742954.00
Distrito Nacional,Santo Domingo,El Millón,Apartamento,2,2,2,201,272355.00
Santo Domingo,Santo Domingo Este,Ensanche Ozama,Apartamento,1,2,1,80,168080.00
Samaná,Las Terrenas,Cosón,Apartamento,3,4,1,103,132355.00
La Romana,La Romana,Buena Vista,Apartamento,1,4,1,51,95778.00
Puerto Plata,Puerto Plata,Torre Alta,Townhouse,1,3,2,129,159057.00
Puerto Plata,Puerto Plata,Costámbar,Casa,3,5,3,196,276752.00
La Altagracia,Punta Cana,Bávaro,Casa,4,3,4,189,210168.00
La Romana,La Romana,Casa de Campo,Casa,6,2,2,394,1345116.00
Santiago,Santiago de los Caballeros,Villa María,Apartamento,2,4,1,94,132540.00
Santo Domingo,Santo Domingo Norte,Colinas del Arroyo,Villa,3,3,2,689,872963.00
Santiago,Santiago de los Caballeros,La Barranquita,Apartamento,3,3,1,250,288000.00
La Altagracia,Punta Cana,Bávaro,Villa,3,3,3,227,443558.00
Puerto Plata,Puerto Plata,Playa Dorada,Apartamento,2,2,1,53,96142.00
Santo Domingo,Santo Domingo Oeste,Herrera,Apartamento,1,1,2,168,327600.00
La Romana,La Romana,Buena Vista,Casa,3,4,3,660,908160.00
Santo Domingo,Santo Domingo Norte,Colinas del Arroyo,Apartamento,3,1,2,176,264176.00
Santo Domingo,Santo Domingo Norte,Avenida Jacobo Majluta,Apartamento,2,2,1,240,310560.00
Puerto Plata,Puerto Plata,Costámbar,Villa,3,3,2,436,535408.00
Santiago,Santiago de los Caballeros,Villa María,Apartamento,4,3,1,133,261212.00
La Altagracia,Punta Cana,White Sands,Casa,3,5,4,229,287395.00
Santo Domingo,Santo Domingo Norte,Villa Mella,Casa,3,3,2,586,884860.00
Distrito Nacional,Santo Domingo,Mirador Sur,Apartamento,3,2,2,165,253935.00
San Pedro de Macorís,Juan Dolio,Playa Juan Dolio,Casa,6,2,4,466,1021472.00
La Romana,La Romana,Buena Vista,Apartamento,2,3,2,256,537088.00
La Romana,La Romana,Buena Vista,Apartamento,3,3,1,250,462000.00
Puerto Plata,Puerto Plata,Sosúa,Townhouse,2,1,1,167,221609.00
Santo Domingo,Santo Domingo Este,Las Américas,Apartamento,2,3,2,165,328845.00
La Romana,La Romana,Casa de Campo,Townhouse,2,4,1,86,207088.00
Distrito Nacional,Santo Domingo,Evaristo Morales,Apartamento,3,2,1,254,467868.00
La Romana,La Romana,Casa de Campo,Apartamento,2,3,1,75,167250.00
Samaná,Las Terrenas,Playa Bonita,Villa,4,6,4,614,776096.00
Santiago,Santiago de los Caballeros,Gurabo,Townhouse,4,3,2,183,359046.00
San Pedro de Macorís,Juan Dolio,Guavaberry,Apartamento,3,1,1,114,198132.00
Santo Domingo,Santo Domingo Oeste,Herrera,Casa,6,3,2,672,791616.00
Santo Domingo,Santo Domingo Oeste,Manoguayabo,Apartamento,4,4,1,113,205321.00
Santo Domingo,Santo Domingo Este,Ensanche Ozama,Townhouse,3,2,2,81,114210.00
Santo Domingo,Santo Domingo Oeste,Manoguayabo,Casa,5,4,2,300,574800.00
Santiago,Santiago de los Caballeros,El Dorado II,Apartamento,4,2,2,126,170730.00
La Romana,La Romana,Central Romana,Apartamento,2,1,2,119,140777.00
Puerto Plata,Puerto Plata,Costámbar,Casa,6,5,4,352,797632.00
San Pedro de Macorís,Juan Dolio,Guavaberry,Casa,3,2,4,551,740544.00
San Pedro de Macorís,Juan Dolio,Playa Juan Dolio,Townhouse,4,1,1,247,413231.00
Santiago,Santiago de los Caballeros,Los Colegios,Apartamento,3,4,2,141,179070.00
Distrito Nacional,Santo Domingo,Naco,Apartamento,4,2,2,106,326586.00
Santiago,Santiago de los Caballeros,El Dorado II,Townhouse,4,4,2,60,79200.00
Samaná,Las Terrenas,Pueblo de los Pescadores,Townhouse,1,1,1,142,278746.00
Puerto Plata,Puerto Plata,Sosúa,Apartamento,4,4,1,152,301568.00
Distrito Nacional,Santo Domingo,Evaristo Morales,Apartamento,1,3,1,124,241056.00
Distrito Nacional,Santo Domingo,El Millón,Villa,5,4,4,532,835772.00
Santo Domingo,Santo Domingo Oeste,Villa Aura,Apartamento,1,3,2,228,373464.00
Santo Domingo,Santo Domingo Norte,Avenida Jacobo Majluta,Apartamento,3,4,2,249,361548.00
San Pedro de Macorís,Juan Dolio,Metro Country Club,Apartamento,2,3,2,75,96375.00
Puerto Plata,Puerto Plata,Costámbar,Apartamento,2,4,1,117,244998.00
La Altagracia,Punta Cana,Punta Cana Village,Villa,5,3,2,510,449820.00
Santo Domingo,Santo Domingo Este,Ensanche Ozama,Apartamento,3,2,2,208,261040.00
Santo Domingo,Santo Domingo Oeste,Herrera,Casa,6,4,2,528,1024848.00
La Altagracia,Punta Cana,El Cortecito,Casa,6,2,4,480,1010880.00
Samaná,Las Terrenas,Playa Bonita,Apartamento,2,4,1,112,158704.00
Santiago,Santiago de los Caballeros,Gurabo,Apartamento,2,2,1,162,249804.00
Santo Domingo,Santo Domingo Norte,Villa Mella,Casa,3,6,3,629,1068042.00
La Romana,La Romana,Central Romana,Townhouse,2,4,1,182,349076.00
Samaná,Las Terrenas,Cosón,Apartamento,3,3,2,144,265824.00
Santo Domingo,Santo Domingo Oeste,Villa Aura,Apartamento,1,2,2,229,367545.00
La Romana,La Romana,Central Romana,Casa,6,6,3,287,598969.00
Santo Domingo,Santo Domingo Oeste,Villa Aura,Apartamento,2,4,2,197,237976.00
San Pedro de Macorís,Juan Dolio,Playa Juan Dolio,Apartamento,4,1,1,55,110990.00
La Romana,La Romana,Central Romana,Casa,5,5,4,331,324380.00
La Altagracia,Punta Cana,Bávaro,Townhouse,3,3,1,232,488360.00
Puerto Plata,Puerto Plata,Cabarete,Townhouse,2,4,2,187,322201.00
La Altagracia,Punta Cana,Cap Cana,Apartamento,4,2,2,51,95472.00
La Altagracia,Punta Cana,Cocotal,Casa,3,6,2,722,1225234.00
Santo Domingo,Santo Domingo Norte,Avenida Jacobo Majluta,Casa,4,3,2,686,750484.00
La Altagracia,Punta Cana,Bávaro,Casa,6,6,4,576,969984.00
Puerto Plata,Puerto Plata,Torre Alta,Casa,,3,2,498,785346.00
Puerto Plata,Puerto Plata,Costámbar,Apartamento,2,3,2,101,157964.00
La Altagracia,Punta Cana,White Sands,Apartamento,3,4,1,184,299368.00
Distrito Nacional,Santo Domingo,Mirador Sur,Casa,3,4,2,352,300256.00
La Romana,La Romana,Casa de Campo,Casa,6,4,2,563,865331.00
Santo Domingo,Santo Domingo Norte,Avenida Jacobo Majluta,Apartamento,4,2,1,138,179124.00
Santo Domingo,Santo Domingo Norte,Colinas del Arroyo,Apartamento,4,2,1,258,518838.00
Distrito Nacional,Santo Domingo,Mirador Sur,Casa,3,4,3,290,453560.00
Santo Domingo,Santo Domingo Norte,Avenida Jacobo Majluta,Penthouse,4,3,4,299,823745.00
La Altagracia,Punta Cana,El Cortecito,Penthouse,5,4,3,279,800451.00
La Romana,La Romana,Casa de Campo,Apartamento,3,2,1,259,844858.00
Santo Domingo,Santo Domingo Oeste,Manoguayabo,Casa,3,5,4,281,537834.00
Santo Domingo,Santo Domingo Este,Lucerna,Apartamento,4,2,2,132,181764.00
San Pedro de Macorís,Juan Dolio,Metro Country Club,Casa,6,5,3,566,576188.00
San Pedro de Macorís,Juan Dolio,Metro Country Club,Apartamento,3,4,2,128,271232.00
Santiago,Santiago de los Caballeros,Gurabo,Apartamento,1,2,1,128,186240.00
La Altagracia,Punta Cana,White Sands,Casa,3,2,3,574,708890.00
La Altagracia,Punta Cana,Cocotal,Casa,6,6,4,362,684542.00
La Altagracia,Punta Cana,White Sands,Apartamento,2,1,2,97,150641.00
La Altagracia,Punta Cana,Bávaro,Apartamento,4,2,1,61,114741.00
Santo Domingo,Santo Domingo Oeste,Herrera,Penthouse,3,3,4,389,724318.00
Puerto Plata,Puerto Plata,Cabarete,Apartamento,4,1,1,86,137944.00
Samaná,Las Terrenas,Pueblo de los Pescadores,Casa,6,6,4,497,630693.00
Santiago,Santiago de los Caballeros,La Barranquita,Apartamento,4,4,2,121,180048.00
San Pedro de Macorís,Juan Dolio,Guavaberry,Apartamento,4,1,2,82,127592.00
Santo Domingo,Santo Domingo Este,Lucerna,Casa,4,5,2,367,715283.00
La Altagracia,Punta Cana,Cap Cana,Penthouse,4,5,4,423,1365444.00
La Romana,La Romana,Buena Vista,Casa,5,2,2,584,737592.00
Santo Domingo,Santo Domingo Este,Las Américas,Villa,4,3,,216,390960.00
Santo Domingo,Santo Domingo Este,Alma Rosa,Casa,6,3,2,249,334905.00
Puerto Plata,Puerto Plata,Playa Dorada,Apartamento,2,4,1,219,466689.00
Santo Domingo,Santo Domingo Oeste,Prolongación 27,Apartamento,1,1,1,137,220981.00
Santo Domingo,Santo Domingo Norte,Colinas del Arroyo,Apartamento,1,4,2,89,151033.00
La Romana,La Romana,Casa de Campo,Casa,4,4,4,629,878084.00
San Pedro de Macorís,Juan Dolio,Metro Country Club,Villa,5,6,2,326,642220.00
La Altagracia,Punta Cana,Bávaro,Casa,3,5,4,727,643395.00
Samaná,Las Terrenas,Pueblo de los Pescadores,Casa,5,4,2,326,346212.00
Santo Domingo,Santo Domingo Oeste,Herrera,Apartamento,1,4,1,107,125404.00
Samaná,Las Terrenas,Pueblo de los Pescadores,Casa,6,6,4,575,821100.00
Samaná,Las Terrenas,Cosón,Apartamento,2,4,2,138,280278.00
San Pedro de Macorís,Juan Dolio,Metro Country Club,Apartamento,3,2,1,123,179211.00
Puerto Plata,Puerto Plata,Costámbar,Villa,5,2,3,487,557128.00
Distrito Nacional,Santo Domingo,El Millón,Apartamento,,4,1,210,382620.00
Puerto Plata,Puerto Plata,Torre Alta,Villa,6,5,3,577,1038023.00
La Altagracia,Punta Cana,Punta Cana Village,Apartamento,4,2,1,112,172928.00
Santo Domingo,Santo Domingo Oeste,Prolongación 27,Penthouse,5,5,4,406,993888.00
La Romana,La Romana,Buena Vista,Apartamento,3,2,2,86,177418.00
Santo Domingo,Santo Domingo Este,Las Américas,Apartamento,3,4,1,101,155944.00
La Altagracia,Punta Cana,Cocotal,Villa,6,6,3,364,639548.00
Distrito Nacional,Santo Domingo,Evaristo Morales,Apartamento,2,3,1,214,411522.00
Samaná,Las Terrenas,Playa Bonita,Casa,5,5,2,313,577798.00
La Altagracia,Punta Cana,Cocotal,Penthouse,5,5,4,541,850452.00
Santo Domingo,Santo Domingo Este,Autopista San Isidro,Casa,3,2,2,519,536646.00
La Altagracia,Punta Cana,Punta Cana Village,Casa,4,3,3,247,393471.00
Samaná,Las Terrenas,Cosón,Apartamento,4,4,2,230,335340.00
Santiago,Santiago de los Caballeros,Los Colegios,Casa,4,3,2,605,660660.00
La Romana,La Romana,Central Romana,Apartamento,4,3,1,79,110600.00
San Pedro de Macorís,Juan Dolio,Metro Country Club,Apartamento,2,4,2,147,305172.00
Santo Domingo,Santo Domingo Norte,Villa Mella,Apartamento,3,4,1,164,186960.00
San Pedro de Macorís,Juan Dolio,Playa Juan Dolio,Apartamento,3,1,2,67,97954.00
Santo Domingo,Santo Domingo Norte,Colinas del Arroyo,Apartamento,2,1,1,212,372272.00
Santiago,Santiago de los Caballeros,El Dorado II,Apartamento,4,1,2,93,171771.00
Santiago,Santiago de los Caballeros,La Trinitaria,Apartamento,1,4,2,92,171948.00
Santo Domingo,Santo Domingo Oeste,Villa Aura,Casa,6,4,2,459,1007046.00
San Pedro de Macorís,Juan Dolio,Playa Juan Dolio,Casa,3,3,4,190,384560.00
Distrito Nacional,Santo Domingo,Gazcue,Apartamento,4,4,2,59,
Puerto Plata,Puerto Plata,Costámbar,Apartamento,4,4,2,83,150147.00
Santiago,Santiago de los Caballeros,La Trinitaria,Apartamento,3,1,2,221,436033.00
La Altagracia,Punta Cana,Cocotal,Villa,3,3,2,428,428856.00
Santo Domingo,Santo Domingo Norte,Colinas del Arroyo,Casa,4,2,2,189,165753.00
La Altagracia,Punta Cana,Cocotal,Casa,6,4,4,288,605952.00
Santo Domingo,Santo Domingo Este,Alma Rosa,Apartamento,2,1,1,73,93951.00
Distrito Nacional,Santo Domingo,Renacimiento,Apartamento,2,2,1,233,294046.00
Puerto Plata,Puerto Plata,Costámbar,Apartamento,2,4,1,231,488334.00
Samaná,Las Terrenas,Pueblo de los Pescadores,Casa,5,6,2,633,777324.00
La Romana,La Romana,Casa de Campo,Casa,4,4,2,735,2310105.00
Santo Domingo,Santo Domingo Oeste,Herrera,Apartamento,1,2,1,132,206712.00
Santo Domingo,Santo Domingo Norte,Sabana Perdida,Apartamento,3,4,2,105,207165.00
Santiago,Santiago de los Caballeros,Villa María,Apartamento,1,3,2,243,347490.00
Santo Domingo,Santo Domingo Este,Alma Rosa,Casa,5,2,4,620,628060.00
San Pedro de Macorís,Juan Dolio,Metro Country Club,Townhouse,1,3,2,228,281352.00
Samaná,Las Terrenas,Cosón,Apartamento,3,4,2,240,499920.00
La Altagracia,Punta Cana,El Cortecito,Apartamento,4,3,1,108,156492.00
Distrito Nacional,Santo Domingo,La Julia,Apartamento,4,3,2,168,344568.00
San Pedro de Macorís,Juan Dolio,Metro Country Club,Casa,6,5,2,322,482356.00
Puerto Plata,Puerto Plata,Cabarete,Apartamento,1,4,1,88,129888.00
Santo Domingo,Santo Domingo Oeste,Herrera,Casa,6,3,3,525,658875.00
Distrito Nacional,Santo Domingo,El Millón,Apartamento,3,3,1,98,205408.00
Samaná,Las Terrenas,Pueblo de los Pescadores,Apartamento,4,2,2,220,268840.00
La Altagracia,Punta Cana,Bávaro,Casa,5,5,4,476,542164.00
Santo Domingo,Santo Domingo Oeste,Manoguayabo,Villa,6,5,2,495,1060785.00
Santo Domingo,Santo Domingo Norte,Colinas del Arroyo,Apartamento,4,1,1,185,310245.00
La Altagracia,Punta Cana,White Sands,Apartamento,2,3,2,66,74976.00
San Pedro de Macorís,Juan Dolio,Guavaberry,Apartamento,2,3,1,130,269750.00
Santiago,Santiago de los Caballeros,Villa María,Apartamento,3,2,1,132,206976.00
Samaná,Las Terrenas,Pueblo de los Pescadores,Casa,4,5,4,661,587629.00
La Altagracia,Punta Cana,Cocotal,Villa,6,3,4,509,517144.00
La Romana,La Romana,Buena Vista,Apartamento,3,1,2,149,222755.00
Santiago,Santiago de los Caballeros,Cerro Alto,Apartamento,1,4,1,107,118342.00
La Altagracia,Punta Cana,Punta Cana Village,Villa,6,6,2,459,690795.00
San Pedro de Macorís,Juan Dolio,Guavaberry,Apartamento,2,2,1,125,153000.00
Santo Domingo,Santo Domingo Oeste,Villa Aura,Casa,6,5,4,191,278860.00
Santiago,Santiago de los Caballeros,La Trinitaria,Casa,3,2,4,611,957437.00
La Altagracia,Punta Cana,El Cortecito,Apartamento,2,4,2,192,272832.00
Samaná,Las Terrenas,Cosón,Apartamento,1,3,2,120,180600.00
Samaná,Las Terrenas,Cosón,Casa,4,4,2,306,292842.00
La Altagracia,Punta Cana,Cocotal,Apartamento,2,3,2,190,218880.00
Puerto Plata,Puerto Plata,Costámbar,Apartamento,3,1,2,132,155760.00
La Romana,La Romana,Casa de Campo,Apartamento,2,4,1,67,143916.00
Santo Domingo,Santo Domingo Norte,Villa Mella,Apartamento,2,1,2,141,252672.00
Santo Domingo,Santo Domingo Este,San Isidro,Apartamento,1,4,2,189,231903.00
La Romana,La Romana,Buena Vista,Apartamento,4,2,1,258,393192.00
San Pedro de Macorís,Juan Dolio,Metro Country Club,Casa,5,3,2,237,514290.00
La Romana,La Romana,Casa de Campo,Casa,4,5,2,223,448453.00
Santo Domingo,Santo Domingo Oeste,Prolongación 27,Townhouse,2,3,2,149,284590.00
Distrito Nacional,Santo Domingo,Sarasota,Apartamento,4,1,2,190,235410.00
Distrito Nacional,Santo Domingo,Evaristo Morales,Apartamento,2,2,2,51,92565.00
Santo Domingo,Santo Domingo Este,Las Américas,Villa,4,5,2,335,652580.00
Distrito Nacional,Santo Domingo,Mirador Sur,Casa,5,6,3,343,432866.00
Samaná,Las Terrenas,Cosón,Apartamento,3,3,2,80,134720.00
San Pedro de Macorís,Juan Dolio,Metro Country Club,Apartamento,4,2,1,78,92430.00
Puerto Plata,Puerto Plata,Sosúa,Apartamento,2,2,2,226,347588.00
Samaná,Las Terrenas,Cosón,Apartamento,1,2,2,105,225330.00
Distrito Nacional,Santo Domingo,Gazcue,Casa,4,4,2,691,1136695.00
La Altagracia,Punta Cana,El Cortecito,Townhouse,2,4,2,193,325012.00
Santo Domingo,Santo Domingo Oeste,Herrera,Apartamento,1,1,1,52,86372.00
Distrito Nacional,Santo Domingo,Gazcue,Apartamento,2,1,1,144,221760.00
Santo Domingo,Santo Domingo Oeste,Manoguayabo,Apartamento,3,1,2,156,178620.00
Santiago,Santiago de los Caballeros,Gurabo,Villa,5,3,3,647,821043.00
Santo Domingo,Santo Domingo Este,Lucerna,Apartamento,1,4,1,53,70490.00
Santo Domingo,Santo Domingo Este,Lucerna,Casa,5,4,2,671,656909.00
Santo Domingo,Santo Domingo Norte,Avenida Jacobo Majluta,Casa,6,2,2,689,1195415.00
San Pedro de Macorís,Juan Dolio,Guavaberry,Casa,3,6,2,244,347700.00
Santiago,Santiago de los Caballeros,Villa Olga,Casa,5,2,4,458,565630.00
Santo Domingo,Santo Domingo Oeste,Manoguayabo,Villa,3,6,3,680,900320.00
Distrito Nacional,Santo Domingo,Gazcue,Apartamento,3,4,2,189,271215.00
La Altagracia,Punta Cana,White Sands,Penthouse,5,5,4,294,633864.00
La Altagracia,Punta Cana,El Cortecito,Casa,6,4,3,535,774680.00
Santo Domingo,Santo Domingo Norte,Sabana Perdida,Apartamento,4,3,2,72,116496.00
Santo Domingo,Santo Domingo Norte,Colinas del Arroyo,Penthouse,5,4,3,496,1434928.00
Santo Domingo,Santo Domingo Norte,Villa Mella,Apartamento,2,3,1,254,351790.00
Santo Domingo,Santo Domingo Oeste,Manoguayabo,Casa,6,2,4,737,689095.00
La Romana,La Romana,Casa de Campo,Apartamento,3,2,,225,622350.00
Santo Domingo,Santo Domingo Este,Coral Mall,Apartamento,3,4,2,106,192814.00
Puerto Plata,Puerto Plata,Sosúa,Casa,6,3,4,372,316572.00
La Romana,La Romana,Casa de Campo,Apartamento,1,3,1,243,727299.00
Santiago,Santiago de los Caballeros,La Trinitaria,Apartamento,1,2,1,54,97308.00
Santiago,Santiago de los Caballeros,El Dorado II,Casa,3,2,3,643,702799.00
Puerto Plata,Puerto Plata,Costámbar,Apartamento,1,3,2,149,278183.00
Santo Domingo,Santo Domingo Oeste,Villa Aura,Apartamento,4,1,2,58,123134.00
La Altagracia,Punta Cana,Punta Cana Village,Casa,6,5,4,280,480200.00
Samaná,Las Terrenas,Pueblo de los Pescadores,Villa,6,2,3,219,404712.00
Santo Domingo,Santo Domingo Este,San Isidro,Casa,3,2,2,276,491556.00
Puerto Plata,Puerto Plata,Costámbar,Casa,6,2,3,497,984557.00
San Pedro de Macorís,Juan Dolio,Metro Country Club,Apartamento,1,1,1,201,232557.00
La Romana,La Romana,Buena Vista,Casa,4,5,3,577,1123419.00
Distrito Nacional,Santo Domingo,Gazcue,Apartamento,4,2,2,125,179125.00
Distrito Nacional,Santo Domingo,Gazcue,Apartamento,4,1,1,69,103983.00
San Pedro de Macorís,Juan Dolio,Guavaberry,Casa,6,3,3,224,329056.00
Santo Domingo,Santo Domingo Norte,Avenida Jacobo Majluta,Apartamento,4,2,2,256,342272.00
Santo Domingo,Santo Domingo Este,Ensanche Ozama,Casa,3,5,3,555,1265955.00
Puerto Plata,Puerto Plata,Sosúa,Apartamento,3,1,2,171,199728.00
Santiago,Santiago de los Caballeros,La Barranquita,Apartamento,4,1,1,72,117936.00
La Altagracia,Punta Cana,El Cortecito,Apartamento,2,2,1,56,80136.00
Santo Domingo,Santo Domingo Este,Las Américas,Casa,4,5,4,739,1192746.00
La Romana,La Romana,Buena Vista,Apartamento,2,4,1,193,227933.00
Santo Domingo,Santo Domingo Oeste,Prolongación 27,Casa,4,5,2,560,544320.00
La Romana,La Romana,Casa de Campo,Casa,5,6,4,189,430920.00
Santo Domingo,Santo Domingo Norte,Colinas del Arroyo,Penthouse,4,3,2,463,1147777.00
San Pedro de Macorís,Juan Dolio,Metro Country Club,Casa,6,6,4,734,730330.00
Santo Domingo,Santo Domingo Norte,Avenida Jacobo Majluta,Villa,4,2,3,705,703590.00
Samaná,Las Terrenas,Playa Bonita,Casa,6,4,2,448,753536.00
Distrito Nacional,Santo Domingo,Renacimiento,Casa,5,5,2,377,838825.00
La Altagracia,Punta Cana,El Cortecito,Apartamento,2,2,2,207,443601.00
Puerto Plata,Puerto Plata,Cabarete,Casa,5,5,2,623,1294594.00
Distrito Nacional,Santo Domingo,Renacimiento,Casa,3,3,4,220,353320.00
Santiago,Santiago de los Caballeros,La Barranquita,Casa,5,4,4,514,761234.00
San Pedro de Macorís,Juan Dolio,Playa Juan Dolio,Apartamento,2,4,2,73,153446.00
La Altagracia,Punta Cana,Cocotal,Apartamento,1,3,2,119,201229.00
Samaná,Las Terrenas,Pueblo de los Pescadores,Casa,5,3,4,375,586125.00
Santiago,Santiago de los Caballeros,La Trinitaria,Villa,6,4,3,614,2113388.00
Santo Domingo,Santo Domingo Oeste,Prolongación 27,Villa,5,3,4,550,1078550.00
La Romana,La Romana,Buena Vista,Casa,6,6,4,357,389130.00
Santiago,Santiago de los Caballeros,La Trinitaria,Casa,5,3,4,688,1724128.00
Santo Domingo,Santo Domingo Oeste,Manoguayabo,Apartamento,3,4,2,87,141027.00
Samaná,Las Terrenas,Playa Bonita,Casa,6,6,3,183,180438.00
Santo Domingo,Santo Domingo Oeste,Villa Aura,Penthouse,4,5,4,361,919106.00
Samaná,Las Terrenas,Cosón,Casa,3,5,4,681,1408989.00
Santo Domingo,Santo Domingo Este,San Isidro,Apartamento,3,1,1,96,129696.00
La Altagracia,Punta Cana,Bávaro,Casa,3,4,2,741,1441986.00
Santiago,Santiago de los Caballeros,Cerro Alto,Apartamento,4,2,1,219,267618.00
Distrito Nacional,Santo Domingo,Naco,Apartamento,3,3,2,111,270396.00
Santo Domingo,Santo Domingo Oeste,Villa Aura,Penthouse,4,3,2,231,608223.00
Samaná,Las Terrenas,Cosón,Apartamento,2,4,1,188,213380.00
Santo Domingo,Santo Domingo Norte,Villa Mella,Apartamento,3,4,1,74,118696.00
Puerto Plata,Puerto Plata,Cabarete,Casa,4,3,2,466,498154.00
Distrito Nacional,Santo Domingo,Evaristo Morales,Apartamento,4,4,2,104,163800.00
Santo Domingo,Santo Domingo Este,Autopista San Isidro,Casa,6,5,2,573,1208457.00
Puerto Plata,Puerto Plata,Sosúa,Apartamento,3,2,2,161,289961.00
La Altagracia,Punta Cana,Bávaro,Apartamento,4,4,1,145,202275.00
Santo Domingo,Santo Domingo Este,Las Américas,Villa,6,3,3,392,508032.00
La Altagracia,Punta Cana,Punta Cana Village,Apartamento,2,3,1,147,302967.00
Distrito Nacional,Santo Domingo,Mirador Sur,Casa,3,5,4,202,332492.00
Samaná,Las Terrenas,Cosón,Apartamento,1,4,2,235,472820.00
Puerto Plata,Puerto Plata,Sosúa,Apartamento,3,2,2,143,233376.00
San Pedro de Macorís,Juan Dolio,Metro Country Club,Casa,4,2,3,553,524244.00
Santo Domingo,Santo Domingo Oeste,Herrera,Apartamento,2,1,1,114,143868.00
La Romana,La Romana,Buena Vista,Apartamento,3,2,2,121,179080.00
Santo Domingo,Santo Domingo Oeste,Manoguayabo,Apartamento,1,2,1,208,250848.00
Samaná,Las Terrenas,Pueblo de los Pescadores,Apartamento,2,3,2,158,227994.00
Santo Domingo,Santo Domingo Oeste,Herrera,Villa,4,6,4,258,254646.00
Santo Domingo,Santo Domingo Este,Coral Mall,Villa,4,6,2,653,1294899.00
La Altagracia,Punta Cana,White Sands,Casa,4,3,2,513,616113.00
Santiago,Santiago de los Caballeros,Gurabo,Apartamento,1,4,1,92,110308.00
San Pedro de Macorís,Juan Dolio,Metro Country Club,Villa,4,6,3,465,835605.00
Santo Domingo,Santo Domingo Oeste,Manoguayabo,Casa,3,3,2,223,220101.00
Puerto Plata,Puerto Plata,Cabarete,Casa,6,6,3,584,1154568.00
La Romana,La Romana,Central Romana,Apartamento,4,3,2,242,390588.00
La Romana,La Romana,Buena Vista,Casa,6,3,2,391,391000.00
Samaná,Las Terrenas,Cosón,Villa,3,6,3,571,924449.00
Santiago,Santiago de los Caballeros,Villa María,Casa,6,3,2,400,696400.00
Santo Domingo,Santo Domingo Norte,Sabana Perdida,Villa,4,4,3,430,490630.00
Distrito Nacional,Santo Domingo,Evaristo Morales,Penthouse,4,4,3,458,1123016.00
La Altagracia,Punta Cana,Cap Cana,Apartamento,4,1,1,87,176175.00
Santiago,Santiago de los Caballeros,Villa María,Casa,6,5,4,623,628607.00
Samaná,Las Terrenas,Cosón,Apartamento,4,1,2,67,122007.00
La Altagracia,Punta Cana,Cap Cana,Apartamento,2,1,1,87,222720.00
Distrito Nacional,Santo Domingo,Piantini,Apartamento,3,1,2,153,423045.00
Samaná,Las Terrenas,Cosón,Apartamento,3,3,2,63,85176.00
San Pedro de Macorís,Juan Dolio,Guavaberry,Apartamento,1,1,1,146,259296.00
San Pedro de Macorís,Juan Dolio,Playa Juan Dolio,Apartamento,3,2,1,245,367990.00
Santo Domingo,Santo Domingo Este,Las Américas,Apartamento,4,2,1,61,104920.00
Distrito Nacional,Santo Domingo,Bella Vista,Casa,4,5,2,617,1215490.00
Samaná,Las Terrenas,Cosón,Townhouse,2,1,1,91,107016.00
Santiago,Santiago de los Caballeros,Villa Olga,Apartamento,2,4,1,222,468420.00
Santo Domingo,Santo Domingo Este,Alma Rosa,Apartamento,3,3,2,116,206132.00
La Altagracia,Punta Cana,Cocotal,Casa,5,6,2,411,367845.00
Puerto Plata,Puerto Plata,Torre Alta,Casa,5,5,4,594,567270.00
Samaná,Las Terrenas,Cosón,Villa,5,2,2,748,977636.00
Santo Domingo,Santo Domingo Oeste,Prolongación 27,Apartamento,2,1,2,155,297290.00
Puerto Plata,Puerto Plata,Playa Dorada,Apartamento,1,2,1,209,435765.00
Santo Domingo,Santo Domingo Este,Autopista San Isidro,Apartamento,1,4,2,258,512130.00
Santo Domingo,Santo Domingo Norte,Sabana Perdida,Apartamento,1,3,2,80,138400.00
Santo Domingo,Santo Domingo Oeste,Manoguayabo,Villa,6,5,,399,670320.00
Santo Domingo,Santo Domingo Oeste,Villa Aura,Casa,4,4,2,514,1061410.00
Puerto Plata,Puerto Plata,Sosúa,Casa,3,2,2,733,1265891.00
San Pedro de Macorís,Juan Dolio,Metro Country Club,Penthouse,5,5,2,246,369984.00
San Pedro de Macorís,Juan Dolio,Metro Country Club,Casa,5,4,4,545,1206630.00
Samaná,Las Terrenas,Playa Bonita,Casa,5,4,2,219,447417.00
Santo Domingo,Santo Domingo Este,Alma Rosa,Apartamento,2,2,2,260,547040.00
Santo Domingo,Santo Domingo Este,Coral Mall,Apartamento,1,3,1,66,135036.00
Samaná,Las Terrenas,Cosón,Casa,3,5,4,409,924749.00
Santiago,Santiago de los Caballeros,Gurabo,Apartamento,3,2,2,257,520682.00
La Altagracia,Punta Cana,Cocotal,Apartamento,4,4,1,253,438449.00
La Altagracia,Punta Cana,Cap Cana,Casa,4,3,2,261,392283.00
Samaná,Las Terrenas,Playa Bonita,Casa,6,3,2,255,364140.00
La Altagracia,Punta Cana,White Sands,Apartamento,2,4,2,154,208054.00
La Romana,La Romana,Central Romana,Apartamento,2,4,1,143,203060.00
Puerto Plata,Puerto Plata,Cabarete,Apartamento,1,1,2,149,220818.00
San Pedro de Macorís,Juan Dolio,Guavaberry,Apartamento,4,3,2,84,148596.00
Puerto Plata,Puerto Plata,Costámbar,Townhouse,2,1,1,114,222414.00
Santo Domingo,Santo Domingo Este,San Isidro,Villa,5,3,2,323,433143.00
La Romana,La Romana,Central Romana,Apartamento,3,2,1,156,183768.00
Distrito Nacional,Santo Domingo,La Julia,Apartamento,3,3,1,76,158688.00
La Romana,La Romana,Casa de Campo,Casa,5,6,3,723,1848711.00
La Romana,La Romana,Central Romana,Apartamento,2,4,1,166,281204.00
La Romana,La Romana,Buena Vista,Casa,5,2,3,244,444324.00
Puerto Plata,Puerto Plata,Torre Alta,Penthouse,5,5,2,381,1032510.00
Santo Domingo,Santo Domingo Oeste,Manoguayabo,Casa,3,3,4,440,729520.00
Santiago,Santiago de los Caballeros,Gurabo,Apartamento,1,2,2,111,212343.00
Distrito Nacional,Santo Domingo,Renacimiento,Casa,3,4,4,739,1258517.00
Distrito Nacional,Santo Domingo,Sarasota,Villa,5,6,4,232,433144.00
Samaná,Las Terrenas,Playa Bonita,Apartamento,3,1,1,149,264028.00
Santo Domingo,Santo Domingo Norte,Avenida Jacobo Majluta,Casa,6,2,3,431,789592.00
Distrito Nacional,Santo Domingo,Naco,Casa,5,3,4,479,1651592.00
Santiago,Santiago de los Caballeros,La Barranquita,Casa,6,3,4,347,551730.00
Santo Domingo,Santo Domingo Este,Autopista San Isidro,Penthouse,4,5,4,500,1404000.00
Santo Domingo,Santo Domingo Este,Alma Rosa,Townhouse,1,1,1,66,109098.00
Santo Domingo,Santo Domingo Norte,Villa Mella,Apartamento,3,1,2,180,243000.00
San Pedro de Macorís,Juan Dolio,Playa Juan Dolio,Apartamento,1,3,1,140,204540.00
Puerto Plata,Puerto Plata,Cabarete,Apartamento,3,1,1,66,94512.00
Santo Domingo,Santo Domingo Norte,Colinas del Arroyo,Casa,4,5,4,539,491029.00
La Altagracia,Punta Cana,El Cortecito,Apartamento,4,1,2,104,150072.00
Santo Domingo,Santo Domingo Oeste,Manoguayabo,Apartamento,1,2,2,192,391104.00
Puerto Plata,Puerto Plata,Costámbar,Apartamento,2,1,1,165,245025.00
Distrito Nacional,Santo Domingo,Mirador Sur,Apartamento,3,3,2,241,268715.00
La Altagracia,Punta Cana,El Cortecito,Casa,3,6,4,299,617136.00
Santo Domingo,Santo Domingo Norte,Sabana Perdida,Apartamento,3,1,1,251,438999.00
Santo Domingo,Santo Domingo Oeste,Villa Aura,Apartamento,4,3,1,77,93324.00
Santiago,Santiago de los Caballeros,Cerro Alto,Apartamento,4,2,2,137,266191.00
Santo Domingo,Santo Domingo Este,Las Américas,Apartamento,4,3,2,154,176484.00
Distrito Nacional,Santo Domingo,Gazcue,Apartamento,1,2,1,142,189144.00
Santo Domingo,Santo Domingo Este,Coral Mall,Apartamento,3,1,1,197,302198.00
Samaná,Las Terrenas,Playa Bonita,Casa,5,4,4,734,743542.00
La Romana,La Romana,Central Romana,Villa,5,6,4,484,510620.00
Puerto Plata,Puerto Plata,Sosúa,Apartamento,4,1,2,118,142308.00
Santo Domingo,Santo Domingo Norte,Villa Mella,Casa,3,2,3,223,403630.00
La Altagracia,Punta Cana,El Cortecito,Apartamento,3,2,1,70,124880.00
Santo Domingo,Santo Domingo Norte,Avenida Jacobo Majluta,Apartamento,1,1,2,105,142695.00
Santo Domingo,Santo Domingo Norte,Avenida Jacobo Majluta,Townhouse,1,3,1,176,279312.00
Distrito Nacional,Santo Domingo,Renacimiento,Casa,6,3,4,479,744845.00
Santo Domingo,Santo Domingo Norte,Sabana Perdida,Townhouse,4,3,2,113,153115.00
Puerto Plata,Puerto Plata,Costámbar,Apartamento,4,1,1,153,228123.00
Santiago,Santiago de los Caballeros,Cerro Alto,Apartamento,1,2,1,232,274224.00
Santo Domingo,Santo Domingo Oeste,Prolongación 27,Apartamento,1,4,1,105,174930.00
Santo Domingo,Santo Domingo Este,Las Américas,Casa,4,2,4,194,329024.00
Santo Domingo,Santo Domingo Este,Coral Mall,Casa,4,3,4,306,491130.00
La Altagracia,Punta Cana,El Cortecito,Apartamento,3,4,1,212,296376.00
Santo Domingo,Santo Domingo Oeste,Manoguayabo,Apartamento,2,4,2,120,239400.00
Distrito Nacional,Santo Domingo,Gazcue,Casa,6,3,2,241,431149.00
La Romana,La Romana,Buena Vista,Casa,3,4,2,470,668340.00
Santo Domingo,Santo Domingo Norte,Sabana Perdida,Apartamento,4,1,2,139,239080.00
Santo Domingo,Santo Domingo Oeste,Manoguayabo,Casa,5,5,3,456,537168.00
San Pedro de Macorís,Juan Dolio,Metro Country Club,Apartamento,2,1,1,215,450425.00
Puerto Plata,Puerto Plata,Cabarete,Townhouse,2,1,2,234,435006.00
La Romana,La Romana,Buena Vista,Apartamento,3,3,2,55,67540.00
Samaná,Las Terrenas,Playa Bonita,Casa,5,4,2,749,1577394.00
Samaná,Las Terrenas,Pueblo de los Pescadores,Penthouse,5,4,4,221,398905.00
Distrito Nacional,Santo Domingo,La Julia,Apartamento,4,3,1,173,258808.00
Santo Domingo,Santo Domingo Norte,Villa Mella,Apartamento,4,3,2,200,301600.00
Puerto Plata,Puerto Plata,Playa Dorada,Apartamento,3,1,2,170,255170.00
Santo Domingo,Santo Domingo Oeste,Villa Aura,Casa,5,4,3,426,826440.00
La Altagracia,Punta Cana,El Cortecito,Casa,3,2,2,320,423360.00
Puerto Plata,Puerto Plata,Sosúa,Casa,6,6,4,254,269240.00
La Romana,La Romana,Buena Vista,Apartamento,2,2,1,144,186912.00
Distrito Nacional,Santo Domingo,Gazcue,Casa,6,2,3,640,817920.00
Santo Domingo,Santo Domingo Este,Coral Mall,Penthouse,5,3,2,348,948300.00
La Romana,La Romana,Central Romana,Apartamento,2,1,2,226,376742.00
La Romana,La Romana,Casa de Campo,Apartamento,1,4,1,253,761783.00
La Altagracia,Punta Cana,Bávaro,Casa,4,6,3,180,310320.00
La Altagracia,Punta Cana,Punta Cana Village,Apartamento,2,1,1,210,240030.00
Santiago,Santiago de los Caballeros,La Trinitaria,Casa,4,3,4,226,426236.00
Santo Domingo,Santo Domingo Oeste,Prolongación 27,Casa,5,5,2,640,839680.00
Samaná,Las Terrenas,Playa Bonita,Casa,4,4,4,486,1096416.00
Puerto Plata,Puerto Plata,Cabarete,Apartamento,2,4,2,51,73950.00
La Altagracia,Punta Cana,Bávaro,Apartamento,4,1,1,245,348390.00
Santo Domingo,Santo Domingo Oeste,Herrera,Casa,3,5,2,350,488250.00
La Romana,La Romana,Central Romana,Apartamento,3,4,1,202,311282.00
San Pedro de Macorís,Juan Dolio,Guavaberry,Casa,6,4,3,446,932586.00
Santo Domingo,Santo Domingo Oeste,Herrera,Casa,5,5,4,656,679616.00
Samaná,Las Terrenas,Playa Bonita,Apartamento,2,1,1,238,316778.00
La Romana,La Romana,Buena Vista,Apartamento,2,1,1,187,294338.00
Santo Domingo,Santo Domingo Norte,Avenida Jacobo Majluta,Penthouse,5,5,4,257,512458.00
La Romana,La Romana,Central Romana,Casa,3,4,3,520,1026480.00
Santo Domingo,Santo Domingo Norte,Avenida Jacobo Majluta,Casa,6,3,2,405,923805.00
Santo Domingo,Santo Domingo Este,Las Américas,Casa,6,2,3,739,749346.00
La Altagracia,Punta Cana,El Cortecito,Casa,5,4,2,213,185949.00
Distrito Nacional,Santo Domingo,Piantini,Villa,3,2,3,348,1161624.00
Samaná,Las Terrenas,Playa Bonita,Casa,4,5,2,629,1228437.00
La Altagracia,Punta Cana,Bávaro,Apartamento,1,2,2,130,243880.00
Santo Domingo,Santo Domingo Este,Autopista San Isidro,Penthouse,5,4,3,353,644578.00
Santo Domingo,Santo Domingo Este,Las Américas,Villa,6,4,3,714,718284.00
Santo Domingo,Santo Domingo Norte,Avenida Jacobo Majluta,Villa,5,6,4,223,332939.00
Puerto Plata,Puerto Plata,Torre Alta,Casa,6,5,2,225,467325.00
Distrito Nacional,Santo Domingo,Piantini,Apartamento,2,4,2,212,591056.00
Santo Domingo,Santo Domingo Este,Coral Mall,Apartamento,3,2,2,146,197246.00
Santo Domingo,Santo Domingo Oeste,Manoguayabo,Casa,5,6,2,509,817454.00
Distrito Nacional,Santo Domingo,La Julia,Apartamento,2,4,1,191,225380.00
San Pedro de Macorís,Juan Dolio,Metro Country Club,Apartamento,2,4,2,208,380016.00
Distrito Nacional,Santo Domingo,Mirador Sur,Apartamento,2,2,1,65,107120.00
Distrito Nacional,Santo Domingo,Naco,Villa,5,6,2,749,2244004.00
Distrito Nacional,Santo Domingo,Gazcue,Apartamento,3,2,2,177,284793.00
La Romana,La Romana,Casa de Campo,Apartamento,2,1,2,118,291814.00
Santo Domingo,Santo Domingo Norte,Villa Mella,Casa,6,6,4,482,577918.00
La Romana,La Romana,Central Romana,Apartamento,3,4,2,90,102780.00
Santo Domingo,Santo Domingo Oeste,Manoguayabo,Apartamento,2,3,2,104,136552.00
Santiago,Santiago de los Caballeros,Los Colegios,Casa,3,5,3,579,677430.00
La Altagracia,Punta Cana,Punta Cana Village,Apartamento,1,2,2,251,393819.00
La Altagracia,Punta Cana,Punta Cana Village,Apartamento,2,3,1,236,270692.00
Santo Domingo,Santo Domingo Este,San Isidro,Apartamento,4,3,2,181,386254.00
Distrito Nacional,Santo Domingo,Evaristo Morales,Apartamento,3,2,1,120,213480.00
Santo Domingo,Santo Domingo Norte,Sabana Perdida,Apartamento,1,3,1,124,150908.00
Santiago,Santiago de los Caballeros,La Trinitaria,Casa,4,3,3,378,1128708.00
Santiago,Santiago de los Caballeros,Villa María,Villa,3,5,4,407,463573.00
Santo Domingo,Santo Domingo Este,Alma Rosa,Casa,6,6,3,306,600984.00
Distrito Nacional,Santo Domingo,Mirador Sur,Townhouse,2,1,1,176,271568.00
Santo Domingo,Santo Domingo Norte,Sabana Perdida,Apartamento,2,1,2,58,72906.00
Santo Domingo,Santo Domingo Este,Autopista San Isidro,Apartamento,4,3,2,74,151330.00
La Romana,La Romana,Buena Vista,Apartamento,1,1,1,103,118862.00
Distrito Nacional,Santo Domingo,Mirador Sur,Casa,6,2,4,310,642630.00
La Romana,La Romana,Casa de Campo,Casa,6,4,3,689,1484106.00
Santiago,Santiago de los Caballeros,El Dorado II,Townhouse,4,1,1,150,277950.00
Samaná,Las Terrenas,Cosón,Casa,3,2,3,252,277704.00
La Romana,La Romana,Central Romana,Apartamento,3,1,2,107,168311.00
Puerto Plata,Puerto Plata,Playa Dorada,Apartamento,1,2,2,99,143451.00
Santo Domingo,Santo Domingo Norte,Avenida Jacobo Majluta,Apartamento,2,1,1,165,274395.00
La Altagracia,Punta Cana,Punta Cana Village,Apartamento,1,3,1,228,388056.00
Santo Domingo,Santo Domingo Norte,Sabana Perdida,Penthouse,3,4,4,230,503930.00
Santo Domingo,Santo Domingo Oeste,Manoguayabo,Penthouse,4,4,4,243,622809.00
Santo Domingo,Santo Domingo Este,Alma Rosa,Apartamento,4,1,1,99,120087.00
La Romana,La Romana,Casa de Campo,Apartamento,4,1,1,148,324564.00
San Pedro de Macorís,Juan Dolio,Metro Country Club,Apartamento,2,1,1,246,380562.00
Santiago,Santiago de los Caballeros,Villa María,Apartamento,4,2,2,196,259112.00
San Pedro de Macorís,Juan Dolio,Playa Juan Dolio,Villa,6,6,4,326,691772.00
Santo Domingo,Santo Domingo Oeste,Villa Aura,Casa,3,2,2,491,974635.00
Distrito Nacional,Santo Domingo,Sarasota,Townhouse,2,3,2,110,228360.00
La Romana,La Romana,Central Romana,Villa,4,5,2,397,527216.00
La Altagracia,Punta Cana,Cocotal,Apartamento,1,1,2,165,187440.00
Samaná,Las Terrenas,Playa Bonita,Apartamento,1,3,2,196,288512.00
Distrito Nacional,Santo Domingo,El Millón,Townhouse,2,4,2,246,459774.00
Santiago,Santiago de los Caballeros,Villa Olga,Casa,5,3,4,554,1127944.00
Puerto Plata,Puerto Plata,Playa Dorada,Casa,5,6,2,481,429533.00
La Romana,La Romana,Buena Vista,Apartamento,2,2,1,77,113806.00
Santo Domingo,Santo Domingo Oeste,Villa Aura,Apartamento,4,4,1,,176638.00
San Pedro de Macorís,Juan Dolio,Metro Country Club,Apartamento,1,4,2,57,114285.00
Santo Domingo,Santo Domingo Norte,Avenida Jacobo Majluta,Apartamento,2,2,2,221,406640.00
Santo Domingo,Santo Domingo Oeste,Prolongación 27,Apartamento,1,3,1,138,266892.00
Santo Domingo,Santo Domingo Este,Ensanche Ozama,Penthouse,5,5,3,394,615034.00
La Romana,La Romana,Casa de Campo,Apartamento,3,2,2,219,558012.00
Santo Domingo,Santo Domingo Este,Autopista San Isidro,Apartamento,4,3,2,211,263539.00
Santo Domingo,Santo Domingo Oeste,Herrera,Apartamento,4,1,1,246,366294.00
La Romana,La Romana,Buena Vista,Apartamento,1,3,1,248,408208.00
Puerto Plata,Puerto Plata,Playa Dorada,Casa,5,6,3,221,201110.00
Santo Domingo,Santo Domingo Norte,Sabana Perdida,Apartamento,1,1,2,203,385700.00
Puerto Plata,Puerto Plata,Sosúa,Townhouse,1,4,1,69,87354.00
Santo Domingo,Santo Domingo Oeste,Villa Aura,Villa,3,2,2,564,1088520.00
Distrito Nacional,Santo Domingo,Mirador Sur,Apartamento,1,3,1,238,418404.00
Distrito Nacional,Santo Domingo,El Millón,Apartamento,2,2,2,214,415588.00
Santo Domingo,Santo Domingo Norte,Villa Mella,Apartamento,2,3,2,54,114156.00
San Pedro de Macorís,Juan Dolio,Guavaberry,Apartamento,4,2,1,232,468408.00
Santo Domingo,Santo Domingo Norte,Sabana Perdida,Apartamento,4,2,1,138,157182.00
La Romana,La Romana,Casa de Campo,Apartamento,4,4,2,62,137268.00
Samaná,Las Terrenas,Pueblo de los Pescadores,Penthouse,3,4,2,423,1088379.00
La Romana,La Romana,Buena Vista,Casa,4,3,2,644,853300.00
Santo Domingo,Santo Domingo Este,Ensanche Ozama,Townhouse,3,3,1,101,182406.00
Puerto Plata,Puerto Plata,Sosúa,Apartamento,1,4,1,102,146472.00
Santo Domingo,Santo Domingo Este,Alma Rosa,Apartamento,1,4,1,106,208184.00
Santo Domingo,Santo Domingo Oeste,Villa Aura,Casa,6,6,4,533,863460.00
Santo Domingo,Santo Domingo Este,Ensanche Ozama,Casa,3,6,3,494,687154.00
Samaná,Las Terrenas,Playa Bonita,Apartamento,2,3,1,86,164260.00
Santiago,Santiago de los Caballeros,Gurabo,Townhouse,1,4,2,122,147376.00
Santo Domingo,Santo Domingo Oeste,Manoguayabo,Casa,5,2,3,661,1284984.00
Santo Domingo,Santo Domingo Este,Ensanche Ozama,Penthouse,5,4,4,482,890736.00
Santo Domingo,Santo Domingo Norte,Villa Mella,Casa,4,2,3,729,891567.00
Santo Domingo,Santo Domingo Este,Lucerna,Casa,6,3,4,739,1142494.00
San Pedro de Macorís,Juan Dolio,Playa Juan Dolio,Apartamento,4,2,2,109,174073.00
Santo Domingo,Santo Domingo Este,Autopista San Isidro,Apartamento,3,4,1,136,213248.00
Samaná,Las Terrenas,Cosón,Townhouse,1,4,2,153,205479.00
San Pedro de Macorís,Juan Dolio,Guavaberry,Apartamento,4,4,1,153,214200.00
Distrito Nacional,Santo Domingo,La Julia,Apartamento,4,2,1,218,316100.00
Santo Domingo,Santo Domingo Norte,Avenida Jacobo Majluta,Apartamento,3,2,1,150,277350.00
Distrito Nacional,Santo Domingo,La Julia,Apartamento,4,1,2,153,215271.00
Santo Domingo,Santo Domingo Este,Las Américas,Apartamento,2,1,1,133,254562.00
San Pedro de Macorís,Juan Dolio,Playa Juan Dolio,Townhouse,3,2,2,209,353419.00
La Romana,La Romana,Casa de Campo,Townhouse,2,1,2,254,459994.00
Samaná,Las Terrenas,Pueblo de los Pescadores,Apartamento,4,3,2,215,293690.00
Santiago,Santiago de los Caballeros,Villa María,Villa,3,2,3,535,949625.00
La Romana,La Romana,Central Romana,Apartamento,1,4,1,141,206706.00
Santo Domingo,Santo Domingo Oeste,Manoguayabo,Apartamento,4,2,1,56,113400.00
Santiago,Santiago de los Caballeros,La Barranquita,Apartamento,1,4,2,206,434248.00
Puerto Plata,Puerto Plata,Playa Dorada,Casa,6,6,3,337,375755.00
La Altagracia,Punta Cana,Cocotal,Apartamento,4,1,2,224,246624.00
Puerto Plata,Puerto Plata,Cabarete,Apartamento,2,3,1,228,376428.00
Distrito Nacional,Santo Domingo,La Julia,Apartamento,4,4,2,225,457875.00
Samaná,Las Terrenas,Playa Bonita,Casa,3,3,3,734,888140.00
La Altagracia,Punta Cana,Punta Cana Village,Casa,4,6,3,651,1344315.00
Puerto Plata,Puerto Plata,Cabarete,Casa,5,3,4,432,927936.00
Santo Domingo,Santo Domingo Norte,Colinas del Arroyo,Apartamento,2,2,1,137,264273.00
Santo Domingo,Santo Domingo Norte,Colinas del Arroyo,Casa,5,3,4,525,965475.00
Santo Domingo,Santo Domingo Norte,Colinas del Arroyo,Apartamento,2,4,1,227,352985.00
La Altagracia,Punta Cana,Cocotal,Apartamento,3,1,1,179,235743.00
La Romana,La Romana,Central Romana,Apartamento,3,1,2,182,298116.00
Puerto Plata,Puerto Plata,Playa Dorada,Apartamento,3,4,2,116,180844.00
Distrito Nacional,Santo Domingo,Evaristo Morales,Apartamento,1,1,1,173,361743.00
Santo Domingo,Santo Domingo Norte,Villa Mella,Casa,5,6,2,455,421785.00
Santo Domingo,Santo Domingo Este,Autopista San Isidro,Apartamento,4,3,1,133,226233.00
San Pedro de Macorís,Juan Dolio,Metro Country Club,Apartamento,3,2,1,105,152775.00
La Altagracia,Punta Cana,Cocotal,Villa,6,5,4,717,752133.00
Santo Domingo,Santo Domingo Oeste,Manoguayabo,Apartamento,3,1,1,208,341952.00
Santo Domingo,Santo Domingo Norte,Villa Mella,Casa,3,2,3,361,644385.00
Puerto Plata,Puerto Plata,Playa Dorada,Apartamento,1,4,1,204,279276.00
San Pedro de Macorís,Juan Dolio,Metro Country Club,Casa,4,3,4,719,1432248.00
La Altagracia,Punta Cana,El Cortecito,Casa,4,4,4,618,1051836.00
Distrito Nacional,Santo Domingo,La Julia,Villa,6,5,4,632,898704.00
Santiago,Santiago de los Caballeros,Cerro Alto,Casa,5,6,3,466,912428.00
La Altagracia,Punta Cana,White Sands,Apartamento,3,3,2,95,202160.00
Santo Domingo,Santo Domingo Norte,Colinas del Arroyo,Townhouse,1,1,2,135,155520.00
Santo Domingo,Santo Domingo Norte,Villa Mella,Villa,3,3,3,561,1211199.00
Santo Domingo,Santo Domingo Oeste,Prolongación 27,Casa,4,3,4,298,452066.00
La Altagracia,Punta Cana,Bávaro,Casa,5,4,3,214,410452.00
Santo Domingo,Santo Domingo Oeste,Manoguayabo,Apartamento,2,1,2,127,213614.00
La Romana,La Romana,Central Romana,Apartamento,4,4,1,177,275058.00
Puerto Plata,Puerto Plata,Torre Alta,Villa,6,4,4,603,697068.00
Distrito Nacional,Santo Domingo,Bella Vista,Apartamento,2,3,2,103,127926.00
La Romana,La Romana,Casa de Campo,Villa,4,6,2,316,606720.00
Santo Domingo,Santo Domingo Este,Ensanche Ozama,Casa,4,2,4,492,1046976.00
Santo Domingo,Santo Domingo Este,Alma Rosa,Apartamento,1,1,1,156,255372.00
San Pedro de Macorís,Juan Dolio,Metro Country Club,Casa,6,4,2,725,861300.00
San Pedro de Macorís,Juan Dolio,Guavaberry,Apartamento,1,4,1,251,368970.00
La Altagracia,Punta Cana,El Cortecito,Apartamento,3,3,2,173,238221.00
Puerto Plata,Puerto Plata,Cabarete,Villa,3,4,2,272,
San Pedro de Macorís,Juan Dolio,Guavaberry,Villa,4,2,3,234,462150.00
Santo Domingo,Santo Domingo Norte,Sabana Perdida,Townhouse,4,2,1,167,257180.00
Santo Domingo,Santo Domingo Oeste,Manoguayabo,Apartamento,2,2,1,133,195776.00
Santo Domingo,Santo Domingo Norte,Avenida Jacobo Majluta,Apartamento,2,4,1,75,148050.00
La Altagracia,Punta Cana,White Sands,Villa,3,4,2,746,1474842.00
Santo Domingo,Santo Domingo Norte,Avenida Jacobo Majluta,Villa,5,4,4,430,873760.00
La Romana,La Romana,Casa de Campo,Apartamento,3,3,2,81,263736.00
San Pedro de Macorís,Juan Dolio,Playa Juan Dolio,Apartamento,4,2,1,256,487680.00
Santiago,Santiago de los Caballeros,La Trinitaria,Penthouse,5,4,3,349,1450793.00
San Pedro de Macorís,Juan Dolio,Playa Juan Dolio,Apartamento,1,2,2,204,407592.00
Distrito Nacional,Santo Domingo,Bella Vista,Apartamento,4,1,1,64,113792.00
Santo Domingo,Santo Domingo Oeste,Manoguayabo,Apartamento,4,1,1,175,309575.00
Santo Domingo,Santo Domingo Norte,Avenida Jacobo Majluta,Casa,3,2,2,553,919639.00
Distrito Nacional,Santo Domingo,Sarasota,Casa,3,2,3,747,1382697.00
Samaná,Las Terrenas,Pueblo de los Pescadores,Villa,6,4,4,395,896255.00
La Altagracia,Punta Cana,White Sands,Apartamento,2,2,2,65,76830.00
Santo Domingo,Santo Domingo Oeste,Herrera,Casa,5,3,3,263,531786.00
Samaná,Las Terrenas,Cosón,Casa,3,4,2,395,797110.00
Santo Domingo,Santo Domingo Este,Alma Rosa,Apartamento,2,3,1,73,125560.00
Santo Domingo,Santo Domingo Oeste,Manoguayabo,Casa,4,2,4,381,327660.00
Samaná,Las Terrenas,Cosón,Townhouse,1,2,2,73,97455.00
Santo Domingo,Santo Domingo Norte,Sabana Perdida,Casa,4,3,2,392,459424.00
Santo Domingo,Santo Domingo Este,,Apartamento,4,4,2,242,335170.00
Santo Domingo,Santo Domingo Este,Las Américas,Apartamento,1,1,1,147,282828.00
Santo Domingo,Santo Domingo Este,Ensanche Ozama,Penthouse,,3,4,236,569704.00
La Altagracia,Punta Cana,White Sands,Apartamento,4,2,1,209,321442.00
Distrito Nacional,Santo Domingo,Gazcue,Apartamento,4,4,2,103,116081.00
Santo Domingo,Santo Domingo Norte,Sabana Perdida,Apartamento,3,1,1,245,410865.00
Santo Domingo,Santo Domingo Norte,Villa Mella,Casa,3,6,4,584,1243920.00
La Romana,La Romana,Casa de Campo,Penthouse,3,5,4,387,1064637.00
Santo Domingo,Santo Domingo Norte,Colinas del Arroyo,Apartamento,1,2,2,139,261181.00
Santo Domingo,Santo Domingo Este,Autopista San Isidro,Apartamento,1,2,2,82,173512.00
Distrito Nacional,Santo Domingo,Naco,Casa,6,2,2,462,887964.00
Puerto Plata,Puerto Plata,Costámbar,Apartamento,3,4,2,245,334670.00
Santo Domingo,Santo Domingo Oeste,Herrera,Casa,3,3,2,324,594864.00
Distrito Nacional,Santo Domingo,Renacimiento,Casa,4,5,2,750,1397250.00
Santiago,Santiago de los Caballeros,Gurabo,Casa,3,5,4,267,462711.00
Puerto Plata,Puerto Plata,Playa Dorada,Casa,4,3,2,468,906516.00
Santo Domingo,Santo Domingo Este,Coral Mall,Apartamento,2,1,1,229,385636.00
Distrito Nacional,Santo Domingo,Evaristo Morales,Casa,3,6,3,595,1110270.00
Samaná,Las Terrenas,Pueblo de los Pescadores,Apartamento,4,3,1,144,288864.00
Samaná,Las Terrenas,Pueblo de los Pescadores,Apartamento,3,3,2,158,229574.00
Santo Domingo,Santo Domingo Oeste,Villa Aura,Apartamento,1,2,2,168,334152.00
Distrito Nacional,Santo Domingo,Naco,Casa,3,2,4,305,438895.00
Santo Domingo,Santo Domingo Oeste,Herrera,Villa,6,6,2,282,499140.00
Puerto Plata,Puerto Plata,Costámbar,Apartamento,1,4,1,158,187546.00
La Romana,La Romana,Casa de Campo,Apartamento,3,4,1,87,156687.00
Santo Domingo,Santo Domingo Este,Coral Mall,Apartamento,4,1,1,180,213480.00
Puerto Plata,Puerto Plata,Torre Alta,Casa,3,5,4,414,633420.00
Santo Domingo,Santo Domingo Este,Alma Rosa,Villa,5,4,4,462,857934.00
Santiago,Santiago de los Caballeros,La Trinitaria,Villa,4,2,4,381,531495.00
Distrito Nacional,Santo Domingo,Mirador Sur,Apartamento,3,3,2,159,314661.00
Samaná,Las Terrenas,Cosón,Apartamento,2,1,1,135,203445.00
Santo Domingo,Santo Domingo Oeste,Manoguayabo,Casa,6,4,3,583,1016752.00
Santo Domingo,Santo Domingo Norte,Villa Mella,Apartamento,1,2,1,229,474488.00
Distrito Nacional,Santo Domingo,Piantini,Casa,5,5,3,615,1005525.00
Santiago,Santiago de los Caballeros,Villa María,Apartamento,1,1,1,62,124930.00
Samaná,Las Terrenas,Cosón,Apartamento,1,3,1,55,90035.00
Samaná,Las Terrenas,Playa Bonita,Apartamento,1,3,1,130,209300.00
Santo Domingo,Santo Domingo Este,Coral Mall,Apartamento,1,3,1,256,437504.00
Samaná,Las Terrenas,Cosón,Penthouse,4,5,4,472,1325376.00
Santo Domingo,Santo Domingo Oeste,Herrera,Casa,6,2,3,571,1189964.00
La Romana,La Romana,Central Romana,Casa,6,5,2,332,428944.00
San Pedro de Macorís,Juan Dolio,Guavaberry,Townhouse,4,4,2,113,178201.00
Santo Domingo,Santo Domingo Norte,Colinas del Arroyo,Apartamento,2,3,1,206,414678.00
Distrito Nacional,Santo Domingo,Naco,Apartamento,3,2,2,219,469974.00
Distrito Nacional,Santo Domingo,Evaristo Morales,Apartamento,4,2,1,72,139752.00
Distrito Nacional,Santo Domingo,Bella Vista,Apartamento,1,3,1,189,240219.00
Santo Domingo,Santo Domingo Oeste,Villa Aura,Apartamento,4,2,1,71,142710.00
Distrito Nacional,Santo Domingo,Sarasota,Apartamento,3,1,1,189,362313.00
Santiago,Santiago de los Caballeros,Los Colegios,Apartamento,2,1,2,141,303150.00
Santo Domingo,Santo Domingo Oeste,Manoguayabo,Townhouse,3,4,1,188,273164.00
Distrito Nacional,Santo Domingo,Piantini,Casa,3,5,3,507,1429233.00
Santo Domingo,Santo Domingo Este,Autopista San Isidro,Villa,4,5,4,267,390621.00
Samaná,Las Terrenas,Cosón,Casa,3,3,4,691,1541621.00
Samaná,Las Terrenas,Cosón,Apartamento,4,2,2,235,447205.00
Samaná,Las Terrenas,Pueblo de los Pescadores,Penthouse,4,5,4,245,501515.00
Distrito Nacional,Santo Domingo,Mirador Sur,Apartamento,1,3,1,252,495684.00
Santo Domingo,Santo Domingo Este,Coral Mall,Apartamento,4,2,1,174,292494.00
La Romana,La Romana,Central Romana,Casa,6,4,2,651,1327389.00
Puerto Plata,Puerto Plata,Cabarete,Casa,3,6,3,469,983962.00
Puerto Plata,Puerto Plata,Torre Alta,Apartamento,3,4,1,118,239186.00
La Romana,La Romana,Buena Vista,Casa,6,2,2,526,557034.00
Puerto Plata,Puerto Plata,Cabarete,Casa,5,6,2,596,842148.00
La Romana,La Romana,Central Romana,Casa,4,4,4,589,1142660.00
La Romana,La Romana,Casa de Campo,Apartamento,4,2,2,151,487277.00
Santo Domingo,Santo Domingo Norte,Sabana Perdida,Apartamento,1,4,1,209,256861.00
Santo Domingo,Santo Domingo Este,Coral Mall,Casa,3,6,4,434,686588.00
Samaná,Las Terrenas,Pueblo de los Pescadores,Villa,4,5,2,418,537548.00
San Pedro de Macorís,Juan Dolio,Playa Juan Dolio,Apartamento,1,3,1,113,134357.00
Santiago,Santiago de los Caballeros,Villa María,Apartamento,1,4,2,249,284856.00
Santo Domingo,Santo Domingo Norte,Colinas del Arroyo,Penthouse,4,4,3,294,598584.00
Santo Domingo,Santo Domingo Este,Las Américas,Casa,5,2,2,476,671160.00
Distrito Nacional,Santo Domingo,Mirador Sur,Apartamento,1,4,2,241,297153.00
La Romana,La Romana,Casa de Campo,Apartamento,1,1,2,168,363720.00
Santo Domingo,Santo Domingo Este,Coral Mall,Casa,5,5,4,287,376831.00
La Altagracia,Punta Cana,Cocotal,Casa,6,5,3,739,1266646.00
Samaná,Las Terrenas,Pueblo de los Pescadores,Apartamento,2,4,2,129,275673.00
Puerto Plata,Puerto Plata,Playa Dorada,Apartamento,1,3,2,200,326800.00
La Altagracia,Punta Cana,White Sands,Casa,3,6,2,364,352716.00
San Pedro de Macorís,Juan Dolio,Guavaberry,Casa,6,2,3,296,294224.00
San Pedro de Macorís,Juan Dolio,Metro Country Club,Apartamento,1,2,2,103,202086.00
La Altagracia,Punta Cana,Cap Cana,Apartamento,2,1,2,133,383838.00
Samaná,Las Terrenas,Playa Bonita,Apartamento,1,1,1,202,346632.00
Santo Domingo,Santo Domingo Norte,Colinas del Arroyo,Apartamento,3,2,1,125,233750.00
Puerto Plata,Puerto Plata,Costámbar,Apartamento,4,4,2,155,186310.00
La Altagracia,Punta Cana,El Cortecito,Casa,3,4,3,613,977735.00
San Pedro de Macorís,Juan Dolio,Guavaberry,Apartamento,1,4,2,246,431238.00
Santo Domingo,Santo Domingo Oeste,Prolongación 27,Apartamento,1,4,1,112,207872.00
Santiago,Santiago de los Caballeros,La Barranquita,Villa,4,3,3,524,1196816.00
Santiago,Santiago de los Caballeros,Gurabo,Casa,5,6,4,535,705130.00
Distrito Nacional,Santo Domingo,Piantini,Apartamento,4,2,1,80,180720.00
Santo Domingo,Santo Domingo Norte,Colinas del Arroyo,Casa,6,5,3,665,988190.00
Puerto Plata,Puerto Plata,Cabarete,Apartamento,1,4,1,76,95836.00
Santo Domingo,Santo Domingo Norte,Colinas del Arroyo,Apartamento,1,1,2,178,287292.00
La Romana,La Romana,Central Romana,Apartamento,1,1,1,77,159467.00
Samaná,Las Terrenas,Pueblo de los Pescadores,Townhouse,4,4,1,100,126200.00
Santo Domingo,Santo Domingo Norte,Colinas del Arroyo,Apartamento,1,3,2,84,162624.00
Santiago,Santiago de los Caballeros,Cerro Alto,Apartamento,4,1,1,236,313172.00
Santo Domingo,Santo Domingo Norte,Villa Mella,Casa,5,3,4,670,1038500.00
Santo Domingo,Santo Domingo Oeste,Manoguayabo,Apartamento,4,1,2,191,347047.00
Santo Domingo,Santo Domingo Norte,Colinas del Arroyo,Townhouse,2,3,1,81,127656.00
La Romana,La Romana,Buena Vista,Villa,5,4,2,212,473608.00
Puerto Plata,Puerto Plata,Costámbar,Apartamento,3,3,2,136,190128.00
Santo Domingo,Santo Domingo Oeste,Herrera,Casa,4,3,4,638,914892.00
La Romana,La Romana,Central Romana,Apartamento,4,1,2,162,310230.00
Santo Domingo,Santo Domingo Oeste,Prolongación 27,Apartamento,2,4,1,57,85044.00
La Romana,La Romana,Central Romana,Apartamento,2,1,2,140,157500.00
La Romana,La Romana,Casa de Campo,Villa,3,6,3,432,625968.00
Santiago,Santiago de los Caballeros,Villa María,Apartamento,2,1,2,205,321850.00
La Altagracia,Punta Cana,White Sands,Apartamento,2,3,1,134,210380.00
Santiago,Santiago de los Caballeros,Gurabo,Casa,3,6,2,585,1024920.00
San Pedro de Macorís,Juan Dolio,Playa Juan Dolio,Casa,3,5,3,356,505876.00
Santiago,Santiago de los Caballeros,Los Colegios,Penthouse,4,4,3,438,704742.00
La Romana,La Romana,Casa de Campo,Villa,5,2,3,402,1103892.00
La Romana,La Romana,Casa de Campo,Casa,5,3,4,306,545904.00
La Romana,La Romana,Buena Vista,Townhouse,3,4,2,200,283400.00
Samaná,Las Terrenas,Playa Bonita,Apartamento,3,4,1,172,226008.00
Santiago,Santiago de los Caballeros,Villa Olga,Apartamento,3,4,1,59,75697.00
Samaná,Las Terrenas,Pueblo de los Pescadores,Apartamento,4,3,1,118,161660.00
Santo Domingo,Santo Domingo Oeste,Prolongación 27,Apartamento,2,2,1,195,255645.00
Santo Domingo,Santo Domingo Norte,Villa Mella,Townhouse,4,1,2,259,368039.00
Samaná,Las Terrenas,Playa Bonita,Townhouse,1,2,1,87,117276.00
Distrito Nacional,Santo Domingo,Naco,Casa,4,3,2,196,297332.00
La Romana,La Romana,Buena Vista,Apartamento,4,1,1,57,121980.00
Samaná,Las Terrenas,Pueblo de los Pescadores,Villa,6,5,2,191,376461.00
Santo Domingo,Santo Domingo Este,Autopista San Isidro,Casa,5,5,2,475,463600.00
Santo Domingo,Santo Domingo Oeste,Villa Aura,Penthouse,5,3,4,,711941.00
Distrito Nacional,Santo Domingo,El Millón,Casa,4,3,3,496,836256.00
Samaná,Las Terrenas,Cosón,Villa,3,2,2,383,338572.00
San Pedro de Macorís,Juan Dolio,Guavaberry,Penthouse,3,4,3,388,1049152.00
Puerto Plata,Puerto Plata,Torre Alta,Villa,5,2,4,227,395434.00
Puerto Plata,Puerto Plata,Torre Alta,Apartamento,1,1,1,215,409360.00
La Altagracia,Punta Cana,Punta Cana Village,Villa,3,3,3,181,319465.00
La Romana,La Romana,Buena Vista,Casa,5,6,3,222,426240.00
Samaná,Las Terrenas,Playa Bonita,Apartamento,2,4,2,190,287660.00
Santiago,Santiago de los Caballeros,Cerro Alto,Apartamento,4,2,2,205,418200.00
Distrito Nacional,Santo Domingo,Sarasota,Casa,6,6,4,712,1531512.00
Samaná,Las Terrenas,Playa Bonita,Apartamento,4,1,2,57,105963.00
Samaná,Las Terrenas,Cosón,Casa,6,2,4,645,1046190.00
Distrito Nacional,Santo Domingo,Mirador Sur,Casa,3,2,2,621,1419606.00
La Altagracia,Punta Cana,El Cortecito,Villa,4,5,2,489,494379.00
La Romana,La Romana,Casa de Campo,Apartamento,3,2,1,250,792000.00
La Altagracia,Punta Cana,Punta Cana Village,Apartamento,1,4,2,166,281370.00
Santo Domingo,Santo Domingo Este,Lucerna,Apartamento,4,3,2,204,301512.00
Santo Domingo,Santo Domingo Este,Alma Rosa,Apartamento,2,3,1,205,394420.00
Santo Domingo,Santo Domingo Norte,Sabana Perdida,Casa,4,3,4,668,1024712.00
La Romana,La Romana,Central Romana,Casa,3,4,4,555,774225.00
Santo Domingo,Santo Domingo Norte,Villa Mella,Villa,5,4,3,677,637734.00
La Altagracia,Punta Cana,El Cortecito,Apartamento,2,1,1,82,151782.00
San Pedro de Macorís,Juan Dolio,Metro Country Club,Apartamento,1,1,1,211,404487.00
Santo Domingo,Santo Domingo Oeste,Villa Aura,Apartamento,1,4,1,104,143312.00
Santiago,Santiago de los Caballeros,Villa Olga,Townhouse,2,3,2,51,62169.00
Santo Domingo,Santo Domingo Este,San Isidro,Apartamento,2,2,2,233,472058.00
Santo Domingo,Santo Domingo Oeste,Herrera,Casa,6,2,3,735,1186290.00
Distrito Nacional,Santo Domingo,El Millón,Casa,5,6,4,240,248880.00
Santo Domingo,Santo Domingo Este,Las Américas,Apartamento,1,2,2,256,338688.00
Santo Domingo,Santo Domingo Este,Coral Mall,Casa,3,2,4,551,724565.00
San Pedro de Macorís,Juan Dolio,Metro Country Club,Villa,4,3,2,213,382548.00
Santo Domingo,Santo Domingo Este,Autopista San Isidro,Apartamento,3,1,1,173,281125.00
Santo Domingo,Santo Domingo Este,Las Américas,Apartamento,3,3,2,108,149904.00
Samaná,Las Terrenas,Pueblo de los Pescadores,Apartamento,2,4,2,83,134958.00
Santiago,Santiago de los Caballeros,Villa Olga,Apartamento,4,1,1,171,258894.00
Santiago,Santiago de los Caballeros,El Dorado II,Casa,3,2,3,520,489840.00
Santo Domingo,Santo Domingo Norte,Colinas del Arroyo,Apartamento,4,2,1,67,137953.00
Santiago,Santiago de los Caballeros,La Trinitaria,Townhouse,3,4,2,184,454848.00
La Altagracia,Punta Cana,Cap Cana,Apartamento,1,4,2,189,583254.00
Distrito Nacional,Santo Domingo,Renacimiento,Apartamento,2,3,2,188,400440.00
Santo Domingo,Santo Domingo Oeste,Villa Aura,Townhouse,3,2,2,254,434340.00
Puerto Plata,Puerto Plata,Cabarete,Apartamento,3,3,1,164,329476.00
Santiago,Santiago de los Caballeros,Gurabo,Apartamento,4,3,2,70,129150.00
Puerto Plata,Puerto Plata,Cabarete,Casa,4,2,4,214,418798.00
La Altagracia,Punta Cana,Punta Cana Village,Casa,6,4,4,208,460512.00
Samaná,Las Terrenas,Playa Bonita,Villa,3,2,2,653,1233517.00
Puerto Plata,Puerto Plata,Sosúa,Apartamento,1,2,2,256,436224.00
San Pedro de Macorís,Juan Dolio,Playa Juan Dolio,Apartamento,2,2,1,153,284427.00
Santo Domingo,Santo Domingo Oeste,Villa Aura,Villa,5,2,4,361,307211.00
Santo Domingo,Santo Domingo Este,Lucerna,Casa,6,4,4,545,529195.00
Distrito Nacional,Santo Domingo,Bella Vista,Villa,3,2,3,293,451220.00
Santo Domingo,Santo Domingo Oeste,Prolongación 27,Penthouse,4,5,4,521,1058151.00
San Pedro de Macorís,Juan Dolio,Playa Juan Dolio,Villa,5,2,3,469,440391.00
San Pedro de Macorís,Juan Dolio,Metro Country Club,Apartamento,2,2,2,202,242602.00
La Altagracia,Punta Cana,White Sands,Apartamento,3,1,1,220,271480.00
Distrito Nacional,Santo Domingo,Piantini,Townhouse,3,2,2,247,430274.00
Santo Domingo,Santo Domingo Oeste,Herrera,Casa,5,3,2,399,689073.00
Distrito Nacional,Santo Domingo,Sarasota,Apartamento,3,1,1,188,322232.00
Samaná,Las Terrenas,Playa Bonita,Townhouse,3,2,2,138,220524.00
La Altagracia,Punta Cana,White Sands,Apartamento,2,1,2,149,185356.00
Distrito Nacional,Santo Domingo,Piantini,Apartamento,4,1,1,151,462664.00
La Romana,La Romana,Casa de Campo,Casa,6,5,3,449,654193.00
Santo Domingo,Santo Domingo Oeste,Manoguayabo,Apartamento,2,2,1,195,329745.00
Santiago,Santiago de los Caballeros,Villa María,Villa,3,2,3,682,1219416.00
Puerto Plata,Puerto Plata,Cabarete,Apartamento,1,2,1,212,384144.00
Distrito Nacional,Santo Domingo,Naco,Apartamento,4,3,2,83,244518.00
Santo Domingo,Santo Domingo Norte,Colinas del Arroyo,Casa,5,3,4,242,516670.00
Santo Domingo,Santo Domingo Norte,Avenida Jacobo Majluta,Casa,4,4,3,277,274784.00
Distrito Nacional,Santo Domingo,Piantini,Apartamento,4,1,2,112,192864.00
La Romana,La Romana,Central Romana,Penthouse,5,4,2,227,410870.00
Santo Domingo,Santo Domingo Este,Alma Rosa,Apartamento,4,2,1,207,230391.00
Santiago,Santiago de los Caballeros,Villa María,Townhouse,4,3,2,132,195492.00
Santo Domingo,Santo Domingo Este,Ensanche Ozama,Apartamento,4,3,1,151,180445.00
Santo Domingo,Santo Domingo Oeste,Prolongación 27,Apartamento,2,1,1,167,310119.00
La Altagracia,Punta Cana,Cocotal,Casa,5,5,3,205,465965.00
Samaná,Las Terrenas,Playa Bonita,Casa,6,2,2,532,628292.00
Santo Domingo,Santo Domingo Oeste,Herrera,Casa,6,3,2,355,350740.00
La Altagracia,Punta Cana,Cocotal,Apartamento,4,1,2,194,250842.00
Puerto Plata,Puerto Plata,Sosúa,Apartamento,4,2,2,135,171045.00
Samaná,Las Terrenas,Cosón,Apartamento,4,4,1,230,297160.00
Puerto Plata,Puerto Plata,Playa Dorada,Apartamento,1,3,1,172,265224.00
Santo Domingo,Santo Domingo Este,Las Américas,Townhouse,2,4,1,255,546210.00
Santiago,Santiago de los Caballeros,Villa María,Townhouse,3,1,1,181,250142.00
Santo Domingo,Santo Domingo Norte,Sabana Perdida,Casa,3,3,4,398,839382.00
Santiago,Santiago de los Caballeros,Cerro Alto,Apartamento,2,2,1,65,105040.00
Santo Domingo,Santo Domingo Este,Coral Mall,Casa,5,3,4,314,604136.00
Santo Domingo,Santo Domingo Este,Alma Rosa,Apartamento,3,2,1,222,301698.00
Distrito Nacional,Santo Domingo,Bella Vista,Casa,4,2,3,332,430936.00
Santo Domingo,Santo Domingo Norte,Avenida Jacobo Majluta,Apartamento,4,3,1,228,298908.00
Santo Domingo,Santo Domingo Oeste,Villa Aura,Apartamento,1,2,1,156,278772.00
Distrito Nacional,Santo Domingo,Renacimiento,Casa,4,2,4,238,370090.00
Samaná,Las Terrenas,Playa Bonita,Penthouse,4,4,3,402,930228.00
Samaná,Las Terrenas,Playa Bonita,Apartamento,2,2,1,225,257850.00
Santo Domingo,Santo Domingo Norte,Villa Mella,Apartamento,1,4,2,146,172718.00
Santo Domingo,Santo Domingo Norte,Avenida Jacobo Majluta,Casa,3,4,2,734,1038610.00
Santo Domingo,Santo Domingo Este,Las Américas,Apartamento,2,2,1,255,386325.00
Santo Domingo,Santo Domingo Este,San Isidro,Apartamento,1,3,2,192,355968.00
Puerto Plata,Puerto Plata,Torre Alta,Apartamento,1,4,1,229,436474.00
Santo Domingo,Santo Domingo Norte,Villa Mella,Apartamento,4,3,2,65,111800.00
Samaná,Las Terrenas,Cosón,Apartamento,3,3,1,162,321246.00
Puerto Plata,Puerto Plata,Cabarete,Apartamento,2,2,2,138,154146.00
Santiago,Santiago de los Caballeros,La Barranquita,Casa,4,3,2,574,645750.00
Puerto Plata,Puerto Plata,Sosúa,Casa,4,4,2,600,1327200.00
Santo Domingo,Santo Domingo Norte,Colinas del Arroyo,Penthouse,5,5,3,356,1024924.00
Santo Domingo,Santo Domingo Norte,Villa Mella,Apartamento,1,4,1,239,462226.00
Santo Domingo,Santo Domingo Norte,Avenida Jacobo Majluta,Apartamento,1,4,2,106,160166.00
La Romana,La Romana,Buena Vista,Villa,4,4,3,371,592858.00
Distrito Nacional,Santo Domingo,La Julia,Apartamento,2,2,2,101,118271.00
Santo Domingo,Santo Domingo Oeste,Herrera,Casa,5,6,3,595,539665.00
La Altagracia,Punta Cana,White Sands,Casa,6,5,4,455,851760.00
La Altagracia,Punta Cana,El Cortecito,Apartamento,3,3,1,142,225922.00
Puerto Plata,Puerto Plata,Costámbar,Apartamento,3,4,2,236,502444.00
Puerto Plata,Puerto Plata,Sosúa,Apartamento,3,2,1,95,171190.00
Santiago,Santiago de los Caballeros,Villa María,Casa,3,6,3,493,931770.00
Santo Domingo,Santo Domingo Este,Autopista San Isidro,Apartamento,4,2,2,251,466860.00
Samaná,Las Terrenas,Cosón,Apartamento,4,2,1,111,125097.00
San Pedro de Macorís,Juan Dolio,Guavaberry,Casa,5,6,2,452,551892.00
Puerto Plata,Puerto Plata,Sosúa,Penthouse,4,3,4,355,1005360.00
La Romana,La Romana,Central Romana,Casa,4,5,2,488,731024.00
Santiago,Santiago de los Caballeros,La Trinitaria,Apartamento,1,4,2,106,334642.00
Santo Domingo,Santo Domingo Oeste,Herrera,Townhouse,1,1,1,176,321904.00
Santo Domingo,Santo Domingo Norte,Avenida Jacobo Majluta,Penthouse,3,4,4,501,1209414.00
Santo Domingo,Santo Domingo Este,Las Américas,Casa,4,3,3,466,563860.00
Puerto Plata,Puerto Plata,Playa Dorada,Apartamento,3,3,2,62,82460.00
San Pedro de Macorís,Juan Dolio,Metro Country Club,Apartamento,2,1,2,253,455147.00
Santo Domingo,Santo Domingo Norte,Avenida Jacobo Majluta,Penthouse,4,4,2,515,1225700.00
Puerto Plata,Puerto Plata,Costámbar,Apartamento,2,4,1,78,130260.00
Distrito Nacional,Santo Domingo,Piantini,Penthouse,5,5,3,298,1107964.00
La Romana,La Romana,Casa de Campo,Casa,5,4,4,711,2421666.00
Distrito Nacional,Santo Domingo,Piantini,Casa,4,5,4,362,623726.00
Santo Domingo,Santo Domingo Este,Coral Mall,Casa,6,3,2,615,555960.00
Samaná,Las Terrenas,Cosón,Casa,3,3,3,721,1539335.00
Santo Domingo,Santo Domingo Este,San Isidro,Townhouse,1,2,1,100,187400.00
Samaná,Las Terrenas,Cosón,Apartamento,2,4,1,234,270036.00
Samaná,Las Terrenas,Pueblo de los Pescadores,Casa,6,3,3,310,500340.00
Samaná,Las Terrenas,Cosón,Villa,4,3,2,353,408774.00
San Pedro de Macorís,Juan Dolio,Metro Country Club,Apartamento,2,2,1,123,226812.00
San Pedro de Macorís,Juan Dolio,Playa Juan Dolio,Apartamento,2,3,1,83,129812.00
Puerto Plata,Puerto Plata,Torre Alta,Casa,5,2,3,586,607682.00
Distrito Nacional,Santo Domingo,Sarasota,Townhouse,1,2,2,205,434395.00
Santo Domingo,Santo Domingo Este,Autopista San Isidro,Apartamento,2,2,2,59,76818.00
Distrito Nacional,Santo Domingo,El Millón,Casa,6,2,3,746,973530.00
La Romana,La Romana,Central Romana,Apartamento,2,1,2,220,437800.00
Santiago,Santiago de los Caballeros,Los Colegios,Apartamento,4,2,2,163,266831.00
Santo Domingo,Santo Domingo Norte,Avenida Jacobo Majluta,Casa,4,3,2,345,652395.00
Distrito Nacional,Santo Domingo,Naco,Apartamento,3,3,1,138,302634.00
Santo Domingo,Santo Domingo Norte,Avenida Jacobo Majluta,Apartamento,3,4,1,146,215204.00
Samaná,Las Terrenas,Cosón,Casa,3,5,2,670,905170.00
Santo Domingo,Santo Domingo Este,Autopista San Isidro,Apartamento,1,3,2,225,474075.00
Santiago,Santiago de los Caballeros,El Dorado II,Villa,3,5,4,502,662138.00
La Romana,La Romana,Buena Vista,Apartamento,3,2,1,218,271628.00
Santo Domingo,Santo Domingo Oeste,Manoguayabo,Casa,3,6,3,588,775572.00
Samaná,Las Terrenas,Pueblo de los Pescadores,Apartamento,3,4,1,130,216580.00
San Pedro de Macorís,Juan Dolio,Metro Country Club,Apartamento,3,1,1,210,259770.00
La Altagracia,Punta Cana,Bávaro,Apartamento,3,1,1,194,349200.00
La Altagracia,Punta Cana,El Cortecito,Casa,3,6,4,564,1163532.00
Santo Domingo,Santo Domingo Oeste,Villa Aura,Apartamento,4,3,1,65,135005.00
Distrito Nacional,Santo Domingo,Bella Vista,Casa,4,5,2,195,194025.00
Samaná,Las Terrenas,Pueblo de los Pescadores,Apartamento,2,1,1,128,160000.00
Santo Domingo,Santo Domingo Oeste,Prolongación 27,Apartamento,4,4,2,186,377394.00
Puerto Plata,Puerto Plata,Sosúa,Apartamento,4,2,1,92,181516.00
San Pedro de Macorís,Juan Dolio,Guavaberry,Casa,4,3,3,578,1290096.00
Distrito Nacional,Santo Domingo,El Millón,Townhouse,4,4,2,110,167750.00
Samaná,Las Terrenas,Pueblo de los Pescadores,Apartamento,2,1,1,211,397102.00
La Altagracia,Punta Cana,Punta Cana Village,Casa,5,3,2,307,351822.00
Distrito Nacional,Santo Domingo,Bella Vista,Casa,3,4,2,537,990765.00
Puerto Plata,Puerto Plata,Costámbar,Townhouse,4,3,2,51,61302.00
Distrito Nacional,Santo Domingo,Bella Vista,Apartamento,4,4,2,129,256839.00
San Pedro de Macorís,Juan Dolio,Guavaberry,Casa,6,6,3,496,511872.00
Puerto Plata,Puerto Plata,Cabarete,Apartamento,3,4,1,115,204355.00
Distrito Nacional,Santo Domingo,Piantini,Apartamento,3,3,1,170,396950.00
Distrito Nacional,Santo Domingo,Mirador Sur,Apartamento,3,4,1,168,336504.00
Santo Domingo,Santo Domingo Este,Alma Rosa,Villa,5,3,4,569,743114.00
La Altagracia,Punta Cana,Cap Cana,Casa,5,6,3,188,354568.00
La Altagracia,Punta Cana,Punta Cana Village,Casa,4,5,3,391,673693.00
Santiago,Santiago de los Caballeros,La Trinitaria,Townhouse,3,3,2,206,608112.00
La Altagracia,Punta Cana,Punta Cana Village,Apartamento,4,2,2,134,219224.00
Santiago,Santiago de los Caballeros,La Trinitaria,Apartamento,3,1,2,206,430334.00
Puerto Plata,Puerto Plata,Playa Dorada,Penthouse,5,3,4,344,697976.00
Santiago,Santiago de los Caballeros,Villa Olga,Casa,5,5,3,197,379422.00
La Romana,La Romana,Casa de Campo,Casa,3,6,3,692,1833800.00
Santo Domingo,Santo Domingo Norte,Sabana Perdida,Apartamento,2,3,1,113,160686.00
Santo Domingo,Santo Domingo Este,Alma Rosa,Townhouse,4,2,1,226,328604.00
Santo Domingo,Santo Domingo Este,Autopista San Isidro,Apartamento,1,4,2,127,230124.00
Santo Domingo,Santo Domingo Oeste,Villa Aura,Apartamento,4,3,2,170,232900.00
Santo Domingo,Santo Domingo Norte,Villa Mella,Casa,3,4,3,623,917679.00
Puerto Plata,Puerto Plata,Sosúa,Casa,4,6,2,208,236912.00
La Altagracia,Punta Cana,Bávaro,Casa,3,3,4,652,998864.00
Puerto Plata,Puerto Plata,Costámbar,Apartamento,4,2,2,199,356210.00
San Pedro de Macorís,Juan Dolio,Metro Country Club,Apartamento,4,1,1,67,109478.00
La Altagracia,Punta Cana,Cocotal,Casa,5,4,3,577,751831.00
Santo Domingo,Santo Domingo Este,Alma Rosa,Casa,5,2,2,483,591675.00
Santo Domingo,Santo Domingo Oeste,Manoguayabo,Casa,4,2,2,379,562436.00
San Pedro de Macorís,Juan Dolio,Guavaberry,Casa,6,3,4,290,257520.00
Santiago,Santiago de los Caballeros,La Trinitaria,Apartamento,4,4,1,58,156600.00
Santo Domingo,Santo Domingo Norte,Colinas del Arroyo,Apartamento,1,2,1,215,450855.00
San Pedro de Macorís,Juan Dolio,Guavaberry,Casa,5,3,2,489,623475.00
La Altagracia,Punta Cana,Bávaro,Casa,5,2,2,345,688275.00
Samaná,Las Terrenas,Cosón,Apartamento,3,2,2,242,432938.00
Santo Domingo,Santo Domingo Norte,Avenida Jacobo Majluta,Casa,4,6,2,189,213381.00
Distrito Nacional,Santo Domingo,Bella Vista,Apartamento,1,2,1,52,81640.00
Distrito Nacional,Santo Domingo,Evaristo Morales,Casa,6,5,3,249,564483.00
Santo Domingo,Santo Domingo Este,Lucerna,Penthouse,4,4,2,444,1054056.00
Santo Domingo,Santo Domingo Norte,Sabana Perdida,Apartamento,3,3,1,241,293056.00
Santo Domingo,Santo Domingo Norte,Colinas del Arroyo,Apartamento,2,1,1,94,147768.00
Samaná,Las Terrenas,Pueblo de los Pescadores,Apartamento,4,2,1,57,87951.00
Santiago,Santiago de los Caballeros,Cerro Alto,Casa,5,5,2,196,203056.00
San Pedro de Macorís,Juan Dolio,Playa Juan Dolio,Casa,4,3,3,233,376062.00
Distrito Nacional,Santo Domingo,El Millón,Villa,6,4,4,739,1327983.00
Santo Domingo,Santo Domingo Este,Autopista San Isidro,Penthouse,5,5,4,473,1020261.00
Santiago,Santiago de los Caballeros,La Barranquita,Casa,4,4,2,575,911950.00
La Romana,La Romana,Casa de Campo,Apartamento,4,2,2,211,458714.00
La Altagracia,Punta Cana,Cocotal,Villa,3,3,2,504,1046304.00
Distrito Nacional,Santo Domingo,Mirador Sur,Apartamento,3,4,2,244,409188.00
Santiago,Santiago de los Caballeros,Cerro Alto,Penthouse,4,3,4,316,765984.00
Samaná,Las Terrenas,Playa Bonita,Apartamento,1,2,1,72,86112.00
Santo Domingo,Santo Domingo Este,Las Américas,Apartamento,1,2,2,226,440926.00
Samaná,Las Terrenas,Playa Bonita,Apartamento,1,4,1,174,295104.00
Distrito Nacional,Santo Domingo,Evaristo Morales,Apartamento,3,1,2,227,414502.00
Santo Domingo,Santo Domingo Norte,Colinas del Arroyo,Apartamento,1,4,1,94,137146.00
Santo Domingo,Santo Domingo Norte,Sabana Perdida,Penthouse,5,4,2,332,876812.00
San Pedro de Macorís,Juan Dolio,Metro Country Club,Casa,5,4,2,327,353487.00
Puerto Plata,Puerto Plata,Cabarete,Apartamento,3,3,2,99,148401.00
Distrito Nacional,Santo Domingo,Sarasota,Villa,4,4,3,489,858684.00
Distrito Nacional,Santo Domingo,Gazcue,Apartamento,4,3,1,119,244069.00
Distrito Nacional,Santo Domingo,Bella Vista,Casa,5,6,4,566,1069174.00
La Altagracia,Punta Cana,Bávaro,Apartamento,3,2,2,177,287979.00
Samaná,Las Terrenas,Pueblo de los Pescadores,Penthouse,4,4,4,327,597429.00
Samaná,Las Terrenas,Pueblo de los Pescadores,Apartamento,2,3,1,165,349635.00
San Pedro de Macorís,Juan Dolio,Guavaberry,Apartamento,2,3,1,54,105624.00
Santo Domingo,Santo Domingo Este,San Isidro,Apartamento,1,2,1,57,105735.00
Samaná,Las Terrenas,Pueblo de los Pescadores,Penthouse,3,5,3,279,459234.00
La Altagracia,Punta Cana,El Cortecito,Casa,4,6,3,503,1112133.00
Samaná,Las Terrenas,Cosón,Casa,4,5,4,337,731964.00
Puerto Plata,Puerto Plata,Cabarete,Villa,5,3,2,621,1007262.00
Santo Domingo,Santo Domingo Este,Coral Mall,Apartamento,1,3,1,99,150381.00
Santo Domingo,Santo Domingo Este,Ensanche Ozama,Apartamento,1,1,2,196,305564.00
Santo Domingo,Santo Domingo Norte,Villa Mella,Villa,3,3,2,276,332304.00
Santo Domingo,Santo Domingo Este,Coral Mall,Apartamento,1,3,1,161,314594.00
La Romana,La Romana,Buena Vista,Townhouse,3,1,1,245,324380.00
La Romana,La Romana,Buena Vista,Casa,3,5,3,492,552516.00
Distrito Nacional,Santo Domingo,Piantini,Apartamento,2,4,2,213,687564.00
Santo Domingo,Santo Domingo Oeste,Villa Aura,Apartamento,4,4,2,152,263872.00
Santo Domingo,Santo Domingo Este,Las Américas,Apartamento,2,2,2,218,320242.00
Santo Domingo,Santo Domingo Este,Las Américas,Casa,6,3,2,256,318720.00
Santo Domingo,Santo Domingo Norte,Villa Mella,Apartamento,1,1,2,91,147238.00
La Romana,La Romana,Casa de Campo,Apartamento,1,3,2,180,370620.00
Santo Domingo,Santo Domingo Este,San Isidro,Villa,6,3,3,464,940992.00
La Romana,La Romana,Casa de Campo,Apartamento,2,1,1,64,153600.00
Puerto Plata,Puerto Plata,Torre Alta,Apartamento,2,1,1,51,92412.00
Santo Domingo,Santo Domingo Oeste,Prolongación 27,Apartamento,2,4,1,74,81918.00
La Altagracia,Punta Cana,White Sands,Casa,4,4,2,722,960982.00
La Romana,La Romana,Central Romana,Casa,5,6,4,345,588225.00
Samaná,Las Terrenas,Playa Bonita,Apartamento,1,1,2,151,299735.00
Santo Domingo,Santo Domingo Norte,Sabana Perdida,Apartamento,2,2,1,192,292416.00
La Romana,La Romana,Central Romana,Villa,4,3,3,597,608940.00
La Romana,La Romana,Buena Vista,Apartamento,4,2,2,166,218124.00
Santo Domingo,Santo Domingo Oeste,Manoguayabo,Apartamento,1,1,1,98,138866.00
La Romana,La Romana,Casa de Campo,Casa,4,6,2,281,970293.00
La Romana,La Romana,Central Romana,Apartamento,2,3,1,168,206472.00
La Romana,La Romana,Buena Vista,Apartamento,1,4,2,176,332464.00
Santo Domingo,Santo Domingo Este,Lucerna,Casa,5,6,2,186,399900.00
La Romana,La Romana,Central Romana,Casa,5,3,2,310,559860.00
Samaná,Las Terrenas,Cosón,Townhouse,1,4,1,140,274120.00
Samaná,Las Terrenas,Pueblo de los Pescadores,Apartamento,3,3,2,95,107730.00
Santo Domingo,Santo Domingo Norte,Sabana Perdida,Apartamento,4,4,1,206,375744.00
Samaná,Las Terrenas,Playa Bonita,Casa,6,3,3,699,1442736.00
Samaná,Las Terrenas,Playa Bonita,Apartamento,2,3,2,210,234780.00
San Pedro de Macorís,Juan Dolio,Playa Juan Dolio,Casa,4,6,4,203,357483.00
Santiago,Santiago de los Caballeros,Villa Olga,Casa,6,5,4,491,480198.00
San Pedro de Macorís,Juan Dolio,Playa Juan Dolio,Apartamento,4,1,1,191,388876.00
Santiago,Santiago de los Caballeros,Villa Olga,Casa,5,6,4,471,791280.00
Santiago,Santiago de los Caballeros,El Dorado II,Townhouse,2,3,1,155,317130.00
Santo Domingo,Santo Domingo Oeste,Villa Aura,Villa,5,3,3,729,1415718.00
Santo Domingo,Santo Domingo Este,San Isidro,Casa,3,4,3,503,437610.00
Samaná,Las Terrenas,Playa Bonita,Apartamento,4,1,2,93,124806.00
Distrito Nacional,Santo Domingo,Bella Vista,Apartamento,4,1,2,152,257336.00
La Romana,La Romana,Central Romana,Penthouse,3,5,2,358,928652.00
Santiago,Santiago de los Caballeros,Villa María,Apartamento,2,1,1,220,260480.00
La Altagracia,Punta Cana,El Cortecito,Apartamento,2,4,2,240,316080.00
La Romana,La Romana,Buena Vista,Apartamento,2,1,1,164,304712.00
Distrito Nacional,Santo Domingo,Piantini,Casa,3,4,4,579,2010288.00
Puerto Plata,Puerto Plata,Sosúa,Apartamento,3,2,1,141,266913.00
Santiago,Santiago de los Caballeros,El Dorado II,Apartamento,2,4,2,160,323040.00
Samaná,Las Terrenas,Playa Bonita,Apartamento,4,1,1,185,382210.00
Santo Domingo,Santo Domingo Norte,Sabana Perdida,Villa,3,2,2,388,669300.00
La Altagracia,Punta Cana,White Sands,Casa,4,4,3,490,669340.00
Santo Domingo,Santo Domingo Norte,Villa Mella,Apartamento,3,3,2,193,370560.00
La Altagracia,Punta Cana,Cap Cana,Apartamento,1,4,1,251,528104.00
Santo Domingo,Santo Domingo Este,Coral Mall,Penthouse,5,5,3,464,825920.00
La Altagracia,Punta Cana,El Cortecito,Apartamento,2,2,1,205,228780.00
La Altagracia,Punta Cana,Cap Cana,Casa,5,5,2,444,1287600.00
Santiago,Santiago de los Caballeros,Villa Olga,Penthouse,4,5,3,386,873132.00
Samaná,Las Terrenas,Playa Bonita,Apartamento,3,2,1,260,409240.00
La Romana,La Romana,Casa de Campo,Apartamento,4,1,1,123,339726.00
La Altagracia,Punta Cana,Cap Cana,Casa,3,2,4,435,1117080.00
Santo Domingo,Santo Domingo Norte,Avenida Jacobo Majluta,Penthouse,3,5,3,341,958210.00
Santo Domingo,Santo Domingo Norte,Sabana Perdida,Apartamento,4,3,1,208,376272.00
La Romana,La Romana,Buena Vista,Apartamento,3,3,1,96,165600.00
Santo Domingo,Santo Domingo Norte,Colinas del Arroyo,Casa,5,2,3,298,559644.00
La Altagracia,Punta Cana,El Cortecito,Apartamento,1,4,1,64,114432.00
Distrito Nacional,Santo Domingo,Sarasota,Villa,3,4,3,274,377846.00
San Pedro de Macorís,Juan Dolio,Guavaberry,Apartamento,4,2,2,213,327807.00
La Altagracia,Punta Cana,Cap Cana,Casa,5,2,3,301,736547.00
Samaná,Las Terrenas,Cosón,Apartamento,4,2,2,124,187984.00
Distrito Nacional,Santo Domingo,La Julia,Casa,3,3,2,307,594045.00
Santo Domingo,Santo Domingo Oeste,Manoguayabo,Casa,3,3,2,713,1483040.00
Santo Domingo,Santo Domingo Norte,Sabana Perdida,Penthouse,5,4,4,493,915994.00
La Romana,La Romana,Casa de Campo,Apartamento,2,4,2,100,173400.00
Santiago,Santiago de los Caballeros,La Barranquita,Casa,3,4,2,305,537105.00
Santiago,Santiago de los Caballeros,La Barranquita,Apartamento,2,3,1,173,371604.00
Distrito Nacional,Santo Domingo,Naco,Apartamento,1,3,2,225,724950.00
Santo Domingo,Santo Domingo Oeste,Villa Aura,Casa,6,5,2,670,1176520.00
Puerto Plata,Puerto Plata,Cabarete,Apartamento,4,1,2,107,163603.00
Puerto Plata,Puerto Plata,Cabarete,Apartamento,3,4,2,117,210483.00
Distrito Nacional,Santo Domingo,Mirador Sur,Apartamento,1,1,1,62,111352.00
San Pedro de Macorís,Juan Dolio,Metro Country Club,Apartamento,2,3,1,74,94276.00
La Romana,La Romana,Central Romana,Apartamento,3,3,1,216,367848.00
Puerto Plata,Puerto Plata,Costámbar,Apartamento,3,4,2,162,234738.00
La Romana,La Romana,Buena Vista,Villa,6,4,4,536,1025904.00
Santo Domingo,Santo Domingo Norte,Villa Mella,Villa,3,3,2,253,443509.00
Samaná,Las Terrenas,Cosón,Apartamento,1,2,2,185,274540.00
Samaná,Las Terrenas,Cosón,Villa,6,2,3,721,1054102.00
Santiago,Santiago de los Caballeros,Villa María,Villa,5,3,3,688,809776.00
La Romana,La Romana,Buena Vista,Townhouse,1,1,1,235,363075.00
Distrito Nacional,Santo Domingo,Evaristo Morales,Apartamento,3,4,1,248,314216.00
Samaná,Las Terrenas,Playa Bonita,Apartamento,4,1,2,136,152728.00
Distrito Nacional,Santo Domingo,Mirador Sur,Apartamento,2,1,2,169,202124.00
La Altagracia,Punta Cana,Punta Cana Village,Casa,6,5,4,392,510384.00
La Altagracia,Punta Cana,Bávaro,Apartamento,3,1,2,241,270884.00
La Altagracia,Punta Cana,Cap Cana,Casa,6,2,4,304,517712.00
Samaná,Las Terrenas,Playa Bonita,Apartamento,1,1,1,186,252402.00
Samaná,Las Terrenas,Cosón,Apartamento,3,3,1,112,220976.00
Distrito Nacional,Santo Domingo,Mirador Sur,Casa,5,6,2,694,764094.00
Distrito Nacional,Santo Domingo,Gazcue,Apartamento,2,3,1,232,474208.00
Santo Domingo,Santo Domingo Oeste,Manoguayabo,Casa,5,6,3,390,634140.00
Puerto Plata,Puerto Plata,Cabarete,Penthouse,3,3,4,398,1012114.00
Samaná,Las Terrenas,Cosón,Apartamento,2,3,1,254,310642.00
Distrito Nacional,Santo Domingo,La Julia,Apartamento,4,1,2,212,359764.00
San Pedro de Macorís,Juan Dolio,Playa Juan Dolio,Casa,5,5,3,425,869975.00
San Pedro de Macorís,Juan Dolio,Playa Juan Dolio,Casa,5,2,2,568,820192.00
Santo Domingo,Santo Domingo Oeste,Manoguayabo,Townhouse,1,2,1,170,356150.00
Santo Domingo,Santo Domingo Norte,Sabana Perdida,Casa,4,6,4,611,1332591.00
Puerto Plata,Puerto Plata,Torre Alta,Casa,4,4,2,713,725834.00
Puerto Plata,Puerto Plata,Costámbar,Casa,6,2,2,287,610162.00
San Pedro de Macorís,Juan Dolio,Guavaberry,Apartamento,2,3,2,154,253022.00
Distrito Nacional,Santo Domingo,La Julia,Townhouse,1,2,1,84,176736.00
Santo Domingo,Santo Domingo Oeste,Herrera,Casa,6,5,2,612,688500.00
La Romana,La Romana,Casa de Campo,Casa,5,4,3,298,892808.00
Samaná,Las Terrenas,Playa Bonita,Apartamento,2,1,2,197,234627.00
Puerto Plata,Puerto Plata,Torre Alta,Apartamento,1,2,1,179,298751.00
Samaná,Las Terrenas,Pueblo de los Pescadores,Apartamento,3,3,2,78,123630.00
La Altagracia,Punta Cana,Cocotal,Apartamento,4,2,2,81,164268.00
Santiago,Santiago de los Caballeros,La Trinitaria,Casa,6,6,4,302,498904.00
Puerto Plata,Puerto Plata,Costámbar,Apartamento,1,2,2,103,219493.00
La Romana,La Romana,Casa de Campo,Apartamento,2,4,2,,614304.00
Santo Domingo,Santo Domingo Oeste,Prolongación 27,Casa,5,5,3,194,264616.00
Santo Domingo,Santo Domingo Este,Ensanche Ozama,Apartamento,1,1,2,99,212751.00
Puerto Plata,Puerto Plata,Sosúa,Casa,4,5,2,537,746967.00
Santo Domingo,Santo Domingo Norte,Villa Mella,Penthouse,3,5,2,339,567486.00
Samaná,Las Terrenas,Playa Bonita,Apartamento,3,4,2,84,93576.00
Santiago,Santiago de los Caballeros,Los Colegios,Casa,3,5,4,458,482732.00
Samaná,Las Terrenas,Playa Bonita,Casa,5,3,4,257,249547.00
Samaná,Las Terrenas,Cosón,Apartamento,3,1,1,86,143362.00
La Romana,La Romana,Buena Vista,Casa,6,3,4,579,794967.00
Samaná,Las Terrenas,Cosón,Casa,4,4,2,687,1003707.00
Santo Domingo,Santo Domingo Norte,Avenida Jacobo Majluta,Casa,5,3,2,609,641886.00
Santo Domingo,Santo Domingo Este,Las Américas,Villa,3,2,2,492,803436.00
La Romana,La Romana,Buena Vista,Casa,6,3,2,666,582084.00
Santo Domingo,Santo Domingo Norte,Sabana Perdida,Apartamento,2,1,1,249,291579.00
Distrito Nacional,Santo Domingo,Mirador Sur,Apartamento,2,4,2,234,322218.00
Santo Domingo,Santo Domingo Este,Las Américas,Apartamento,4,1,1,136,279072.00
San Pedro de Macorís,Juan Dolio,Playa Juan Dolio,Apartamento,1,1,2,112,154448.00
La Altagracia,Punta Cana,Cocotal,Townhouse,1,4,1,207,423315.00
Santo Domingo,Santo Domingo Este,Ensanche Ozama,Apartamento,1,4,1,91,117481.00
Santo Domingo,Santo Domingo Este,Ensanche Ozama,Apartamento,4,1,2,69,130962.00
San Pedro de Macorís,Juan Dolio,Metro Country Club,Casa,3,4,3,466,784744.00
Santo Domingo,Santo Domingo Este,San Isidro,Casa,4,6,2,665,573230.00
San Pedro de Macorís,Juan Dolio,Guavaberry,Apartamento,4,1,1,107,183719.00
Santiago,Santiago de los Caballeros,Cerro Alto,Casa,4,2,4,586,516266.00
Santo Domingo,Santo Domingo Norte,Colinas del Arroyo,Casa,5,2,2,197,402668.00
Santiago,Santiago de los Caballeros,Los Colegios,Apartamento,4,4,1,146,167316.00
Santo Domingo,Santo Domingo Oeste,Prolongación 27,Apartamento,3,3,1,107,146269.00
San Pedro de Macorís,Juan Dolio,Guavaberry,Casa,6,6,3,750,674250.00
Santo Domingo,Santo Domingo Norte,Colinas del Arroyo,Penthouse,5,4,4,496,1100128.00
Santo Domingo,Santo Domingo Este,San Isidro,Casa,3,2,4,,440672.00
Samaná,Las Terrenas,Playa Bonita,Casa,6,6,3,472,987424.00
La Romana,La Romana,Buena Vista,Casa,6,6,4,611,677599.00
Santo Domingo,Santo Domingo Oeste,Manoguayabo,Apartamento,1,1,2,129,262386.00
Santiago,Santiago de los Caballeros,Gurabo,Apartamento,2,4,1,194,256856.00
Samaná,Las Terrenas,Playa Bonita,Apartamento,2,1,2,126,149814.00
Distrito Nacional,Santo Domingo,Renacimiento,Apartamento,2,4,1,100,176700.00
Santo Domingo,Santo Domingo Oeste,Villa Aura,Apartamento,4,3,2,60,127920.00
Santo Domingo,Santo Domingo Norte,Villa Mella,Casa,6,4,3,622,766926.00
Santo Domingo,Santo Domingo Norte,Villa Mella,Casa,4,3,4,683,1540165.00
Santo Domingo,Santo Domingo Norte,Villa Mella,Apartamento,3,1,1,244,377224.00
Distrito Nacional,Santo Domingo,Piantini,Casa,6,3,3,592,1630960.00
Santo Domingo,Santo Domingo Oeste,Herrera,Apartamento,1,1,1,114,153102.00
Puerto Plata,Puerto Plata,Sosúa,Casa,3,5,4,335,445885.00
Santo Domingo,Santo Domingo Norte,Sabana Perdida,Casa,6,6,4,724,1471168.00
San Pedro de Macorís,Juan Dolio,Playa Juan Dolio,Apartamento,1,4,1,188,336332.00
Santiago,Santiago de los Caballeros,El Dorado II,Penthouse,5,4,3,352,807840.00
Santo Domingo,Santo Domingo Oeste,Herrera,Casa,5,3,2,624,682032.00
Santo Domingo,Santo Domingo Este,Lucerna,Villa,6,2,2,715,732160.00
La Altagracia,Punta Cana,Bávaro,Apartamento,3,3,2,178,247242.00
Samaná,Las Terrenas,Cosón,Casa,3,3,4,446,986106.00
Distrito Nacional,Santo Domingo,Naco,Apartamento,3,2,2,155,466240.00
Distrito Nacional,Santo Domingo,El Millón,Apartamento,3,3,2,153,303552.00
San Pedro de Macorís,Juan Dolio,Metro Country Club,Apartamento,1,1,1,118,133576.00
Santo Domingo,Santo Domingo Norte,Villa Mella,Apartamento,2,2,1,181,364534.00
Samaná,Las Terrenas,Cosón,Townhouse,2,4,1,58,104922.00
La Romana,La Romana,Casa de Campo,Apartamento,3,2,2,108,306936.00
Santo Domingo,Santo Domingo Oeste,Manoguayabo,Apartamento,2,3,2,54,60318.00
Santiago,Santiago de los Caballeros,El Dorado II,Casa,3,6,2,744,1700784.00
La Altagracia,Punta Cana,Bávaro,Apartamento,4,1,1,251,444270.00
La Altagracia,Punta Cana,Cocotal,Casa,6,2,2,,435842.00
Santo Domingo,Santo Domingo Norte,Avenida Jacobo Majluta,Casa,6,5,2,235,240640.00
Santo Domingo,Santo Domingo Norte,Avenida Jacobo Majluta,Apartamento,4,1,1,72,105048.00
Santo Domingo,Santo Domingo Oeste,Prolongación 27,Apartamento,4,1,2,72,97632.00
Distrito Nacional,Santo Domingo,Gazcue,Penthouse,5,4,2,474,1127646.00
Puerto Plata,Puerto Plata,Costámbar,Casa,5,4,3,227,334825.00
Santo Domingo,Santo Domingo Norte,Avenida Jacobo Majluta,Townhouse,4,2,2,148,170348.00
Santo Domingo,Santo Domingo Este,Las Américas,Casa,4,2,3,691,1472521.00
Santo Domingo,Santo Domingo Oeste,Villa Aura,Apartamento,2,3,1,139,272857.00
Santo Domingo,Santo Domingo Este,San Isidro,Townhouse,2,2,2,243,317601.00
Santo Domingo,Santo Domingo Norte,Sabana Perdida,Apartamento,2,4,2,50,107150.00
Puerto Plata,Puerto Plata,Torre Alta,Apartamento,4,3,2,89,121574.00
Santiago,Santiago de los Caballeros,El Dorado II,Townhouse,4,4,2,180,297360.00
Samaná,Las Terrenas,Cosón,Apartamento,1,2,1,213,324825.00
La Altagracia,Punta Cana,Bávaro,Casa,3,6,3,692,1389536.00
San Pedro de Macorís,Juan Dolio,Guavaberry,Townhouse,2,2,2,119,181951.00
Santiago,Santiago de los Caballeros,Gurabo,Apartamento,4,4,1,78,109824.00
Santo Domingo,Santo Domingo Este,Coral Mall,Apartamento,4,3,2,91,166530.00
Santiago,Santiago de los Caballeros,Cerro Alto,Casa,6,4,3,270,297810.00
Santo Domingo,Santo Domingo Este,Lucerna,Apartamento,4,2,1,185,259000.00
San Pedro de Macorís,Juan Dolio,Metro Country Club,Casa,6,3,3,410,631400.00
Samaná,Las Terrenas,Cosón,Apartamento,2,1,2,200,391800.00
La Romana,La Romana,Casa de Campo,Townhouse,4,3,1,138,278208.00
Santo Domingo,Santo Domingo Este,Alma Rosa,Casa,4,4,3,380,833720.00
Santiago,Santiago de los Caballeros,El Dorado II,Villa,4,3,2,301,692300.00
Puerto Plata,Puerto Plata,Sosúa,Apartamento,4,1,1,177,246207.00
Santo Domingo,Santo Domingo Este,Lucerna,Apartamento,4,1,1,101,144834.00
Distrito Nacional,Santo Domingo,Evaristo Morales,Casa,6,6,4,230,233220.00
Santo Domingo,Santo Domingo Este,Autopista San Isidro,Casa,3,3,3,666,725274.00
Santo Domingo,Santo Domingo Oeste,Herrera,Apartamento,4,1,2,245,477505.00
Distrito Nacional,Santo Domingo,Naco,Villa,6,3,3,232,679064.00
Santiago,Santiago de los Caballeros,El Dorado II,Apartamento,3,4,2,143,160017.00
Santo Domingo,Santo Domingo Este,Alma Rosa,Casa,6,4,2,525,1015875.00
Santo Domingo,Santo Domingo Norte,Villa Mella,Casa,4,6,4,634,1217280.00
Distrito Nacional,Santo Domingo,El Millón,Casa,6,6,2,412,744896.00
Santo Domingo,Santo Domingo Este,San Isidro,Casa,3,6,4,704,758208.00
Samaná,Las Terrenas,Cosón,Townhouse,2,2,1,223,420578.00
Santiago,Santiago de los Caballeros,Villa Olga,Apartamento,1,2,2,136,212704.00
Distrito Nacional,Santo Domingo,El Millón,Villa,3,2,2,473,931810.00
Distrito Nacional,Santo Domingo,Sarasota,Apartamento,3,4,1,53,76691.00
Santiago,Santiago de los Caballeros,Los Colegios,Casa,4,3,3,370,437340.00
Santo Domingo,Santo Domingo Este,San Isidro,Apartamento,4,4,2,166,270746.00
Puerto Plata,Puerto Plata,Torre Alta,Casa,6,4,2,627,1328613.00
Santo Domingo,Santo Domingo Este,Ensanche Ozama,Apartamento,3,2,1,132,159984.00
Santo Domingo,Santo Domingo Este,Autopista San Isidro,Apartamento,3,2,2,68,75412.00
San Pedro de Macorís,Juan Dolio,Metro Country Club,Casa,5,2,4,715,985270.00
Santo Domingo,Santo Domingo Norte,Colinas del Arroyo,Villa,3,6,4,407,827431.00
Santo Domingo,Santo Domingo Norte,Colinas del Arroyo,Apartamento,3,1,1,56,62720.00
Santiago,Santiago de los Caballeros,El Dorado II,Apartamento,1,1,2,108,129060.00
Santo Domingo,Santo Domingo Norte,Villa Mella,Apartamento,1,4,2,234,431964.00
La Romana,La Romana,Buena Vista,Apartamento,4,2,1,220,390500.00
Santo Domingo,Santo Domingo Oeste,Villa Aura,Apartamento,1,1,2,54,72468.00
Santiago,Santiago de los Caballeros,Villa Olga,Apartamento,2,4,2,81,142155.00
San Pedro de Macorís,Juan Dolio,Metro Country Club,Apartamento,3,1,1,189,237384.00
San Pedro de Macorís,Juan Dolio,Guavaberry,Apartamento,1,2,1,201,374262.00
Samaná,Las Terrenas,Cosón,Apartamento,3,3,2,89,166430.00
Distrito Nacional,Santo Domingo,Mirador Sur,Apartamento,2,4,1,89,151745.00
Santiago,Santiago de los Caballeros,La Barranquita,Apartamento,3,3,2,247,505609.00
San Pedro de Macorís,Juan Dolio,Metro Country Club,Casa,3,5,2,207,371151.00
Santo Domingo,Santo Domingo Oeste,Herrera,Villa,6,2,3,573,795897.00
San Pedro de Macorís,Juan Dolio,Playa Juan Dolio,Townhouse,2,4,1,105,136500.00
San Pedro de Macorís,Juan Dolio,Guavaberry,Apartamento,2,1,1,163,278241.00
Santo Domingo,Santo Domingo Este,Autopista San Isidro,Apartamento,3,4,1,148,177896.00
Santo Domingo,Santo Domingo Norte,Avenida Jacobo Majluta,Apartamento,4,4,1,165,244200.00
La Romana,La Romana,Central Romana,Villa,3,5,3,618,842334.00
Santo Domingo,Santo Domingo Norte,Villa Mella,Apartamento,4,2,1,172,212936.00
Santo Domingo,Santo Domingo Oeste,Villa Aura,Casa,6,5,3,321,508143.00
Samaná,Las Terrenas,Playa Bonita,Casa,6,6,3,233,391906.00
Distrito Nacional,Santo Domingo,Gazcue,Apartamento,4,2,1,64,114240.00
La Altagracia,Punta Cana,Cap Cana,Casa,5,2,4,717,2318061.00
Santo Domingo,Santo Domingo Norte,Sabana Perdida,Casa,6,2,3,640,1105920.00
Santiago,Santiago de los Caballeros,Gurabo,Apartamento,3,4,2,64,132480.00
La Romana,La Romana,Central Romana,Villa,6,4,3,440,517000.00
Puerto Plata,Puerto Plata,Sosúa,Apartamento,1,2,2,87,127890.00
San Pedro de Macorís,Juan Dolio,Metro Country Club,Villa,4,5,4,391,476629.00
Distrito Nacional,Santo Domingo,Bella Vista,Casa,4,5,2,288,288864.00
San Pedro de Macorís,Juan Dolio,Guavaberry,Apartamento,4,4,1,175,230650.00
Puerto Plata,Puerto Plata,Cabarete,Casa,5,3,4,736,1185696.00
Santo Domingo,Santo Domingo Este,Coral Mall,Casa,6,6,4,418,382888.00
La Altagracia,Punta Cana,Cap Cana,Penthouse,4,5,2,326,1362680.00
Santo Domingo,Santo Domingo Norte,Avenida Jacobo Majluta,Casa,4,5,4,742,651476.00
Santo Domingo,Santo Domingo Este,Coral Mall,Casa,6,4,3,259,252266.00
Puerto Plata,Puerto Plata,Playa Dorada,Casa,3,5,3,199,257108.00
Santo Domingo,Santo Domingo Este,San Isidro,Penthouse,4,3,3,225,352575.00
Santiago,Santiago de los Caballeros,La Trinitaria,Casa,6,5,2,439,967556.00
Puerto Plata,Puerto Plata,Playa Dorada,Casa,3,5,2,465,817470.00
Puerto Plata,Puerto Plata,Cabarete,Penthouse,3,5,2,508,795528.00
Puerto Plata,Puerto Plata,Costámbar,Casa,4,4,4,743,1125645.00
Santo Domingo,Santo Domingo Este,Lucerna,Apartamento,2,2,2,229,325867.00
San Pedro de Macorís,Juan Dolio,Metro Country Club,Apartamento,1,2,1,260,492180.00
Santo Domingo,Santo Domingo Oeste,Villa Aura,Apartamento,3,4,1,82,162442.00
Puerto Plata,Puerto Plata,Torre Alta,Apartamento,3,2,2,92,158424.00
La Altagracia,Punta Cana,Cap Cana,Apartamento,3,3,1,165,281490.00
La Romana,La Romana,Central Romana,Apartamento,1,4,2,143,278135.00
Distrito Nacional,Santo Domingo,Bella Vista,Casa,3,2,4,355,734140.00
Distrito Nacional,Santo Domingo,Bella Vista,Casa,3,4,3,423,896337.00
Distrito Nacional,Santo Domingo,Gazcue,Casa,3,6,2,357,418047.00
La Altagracia,Punta Cana,Cap Cana,Casa,4,2,2,430,1054360.00
Santo Domingo,Santo Domingo Este,Alma Rosa,Casa,5,4,3,240,259680.00
Samaná,Las Terrenas,Pueblo de los Pescadores,Casa,5,4,3,214,280768.00
Puerto Plata,Puerto Plata,Playa Dorada,Apartamento,3,2,1,243,389286.00
Santo Domingo,Santo Domingo Oeste,Prolongación 27,Casa,4,5,2,616,689920.00
Distrito Nacional,Santo Domingo,Sarasota,Casa,4,2,2,455,638365.00
Santo Domingo,Santo Domingo Este,Ensanche Ozama,Villa,3,5,3,582,867762.00
Samaná,Las Terrenas,Pueblo de los Pescadores,Apartamento,1,1,1,112,236992.00
Puerto Plata,Puerto Plata,Cabarete,Casa,6,4,4,560,794640.00
Santo Domingo,Santo Domingo Norte,Villa Mella,Penthouse,4,3,4,357,1003884.00
Santo Domingo,Santo Domingo Este,Las Américas,Casa,6,4,4,280,574000.00
Santo Domingo,Santo Domingo Norte,Avenida Jacobo Majluta,Apartamento,1,2,1,173,322126.00
Santo Domingo,Santo Domingo Oeste,Manoguayabo,Casa,6,4,3,506,586454.00
La Romana,La Romana,Central Romana,Penthouse,4,4,2,292,453184.00
Samaná,Las Terrenas,Cosón,Casa,4,2,2,342,752742.00
La Romana,La Romana,Buena Vista,Apartamento,2,3,1,98,141120.00
Santo Domingo,Santo Domingo Este,Alma Rosa,Apartamento,2,3,2,52,91000.00
Santo Domingo,Santo Domingo Este,Coral Mall,Casa,4,2,4,287,419881.00
Santo Domingo,Santo Domingo Oeste,Herrera,Apartamento,4,4,2,213,295218.00
Santiago,Santiago de los Caballeros,Villa Olga,Apartamento,2,3,2,83,117362.00
Santo Domingo,Santo Domingo Este,Las Américas,Apartamento,3,3,1,201,295269.00
Distrito Nacional,Santo Domingo,Gazcue,Apartamento,4,4,1,160,337440.00
Puerto Plata,Puerto Plata,Playa Dorada,Casa,4,3,2,620,976500.00
Santo Domingo,Santo Domingo Este,Coral Mall,Villa,3,3,3,658,1290338.00
Santiago,Santiago de los Caballeros,La Barranquita,Casa,5,6,3,719,1391984.00
Santo Domingo,Santo Domingo Oeste,Prolongación 27,Townhouse,3,4,2,84,161952.00
Santo Domingo,Santo Domingo Norte,Villa Mella,Apartamento,3,,2,82,118408.00
Santiago,Santiago de los Caballeros,La Trinitaria,Villa,5,4,2,581,1076012.00
La Romana,La Romana,Casa de Campo,Casa,5,2,2,726,1377948.00
La Altagracia,Punta Cana,White Sands,Apartamento,4,2,2,164,238128.00
La Romana,La Romana,Buena Vista,Casa,5,3,4,193,199755.00
Santo Domingo,Santo Domingo Norte,Avenida Jacobo Majluta,Casa,5,2,3,359,741694.00
Distrito Nacional,Santo Domingo,Piantini,Apartamento,4,4,1,227,706424.00
Distrito Nacional,Santo Domingo,Bella Vista,Apartamento,1,3,2,63,115857.00
Puerto Plata,Puerto Plata,Cabarete,Casa,6,4,4,220,195360.00
Santo Domingo,Santo Domingo Oeste,Herrera,Casa,3,6,2,431,693479.00
Santo Domingo,Santo Domingo Oeste,Prolongación 27,Casa,5,5,2,268,552616.00
Santo Domingo,Santo Domingo Oeste,Manoguayabo,Villa,3,5,2,721,824824.00
San Pedro de Macorís,Juan Dolio,Guavaberry,Apartamento,3,4,2,152,201704.00
Puerto Plata,Puerto Plata,Sosúa,Apartamento,4,2,2,122,188734.00
La Romana,La Romana,Central Romana,Penthouse,3,3,4,386,759262.00
San Pedro de Macorís,Juan Dolio,Metro Country Club,Casa,6,2,3,615,1352385.00
Santo Domingo,Santo Domingo Norte,Avenida Jacobo Majluta,Apartamento,2,2,2,79,88875.00
Samaná,Las Terrenas,Cosón,Casa,3,5,3,320,402880.00
Santo Domingo,Santo Domingo Este,San Isidro,Apartamento,3,1,1,167,244655.00
San Pedro de Macorís,Juan Dolio,Guavaberry,Apartamento,4,3,2,157,182748.00
Puerto Plata,Puerto Plata,Cabarete,Apartamento,3,2,1,259,432012.00
Puerto Plata,Puerto Plata,Sosúa,Apartamento,3,1,2,55,70235.00
San Pedro de Macorís,Juan Dolio,,Apartamento,2,2,2,228,336072.00
Santo Domingo,Santo Domingo Norte,Colinas del Arroyo,Apartamento,4,3,2,247,406809.00
Santo Domingo,Santo Domingo Este,Autopista San Isidro,Apartamento,2,3,2,159,283974.00
Santo Domingo,Santo Domingo Oeste,Manoguayabo,Apartamento,4,1,1,141,239700.00
La Romana,La Romana,Buena Vista,Apartamento,4,2,2,193,228512.00
Santiago,Santiago de los Caballeros,Villa Olga,Casa,6,4,2,192,164352.00
Samaná,Las Terrenas,Cosón,Casa,5,4,3,454,547978.00
Santo Domingo,Santo Domingo Este,San Isidro,Apartamento,2,3,1,254,296164.00
Samaná,Las Terrenas,Playa Bonita,Apartamento,1,3,2,62,106888.00
San Pedro de Macorís,Juan Dolio,Playa Juan Dolio,Apartamento,1,3,1,166,354244.00
La Romana,La Romana,Buena Vista,Casa,6,2,3,564,574152.00
La Romana,La Romana,Buena Vista,Villa,5,5,3,604,1091428.00
Santo Domingo,Santo Domingo Norte,Sabana Perdida,Apartamento,4,1,2,218,372344.00
Santo Domingo,Santo Domingo Este,Las Américas,Apartamento,1,1,1,165,342045.00
Santo Domingo,Santo Domingo Norte,Villa Mella,Casa,5,4,2,645,1406100.00
La Romana,La Romana,Buena Vista,Casa,4,4,3,618,567324.00
La Altagracia,Punta Cana,Bávaro,Casa,4,5,3,615,1268130.00
La Romana,La Romana,Casa de Campo,Casa,6,5,4,630,2160900.00
Santo Domingo,Santo Domingo Oeste,Herrera,Villa,6,2,4,318,389232.00
Santo Domingo,Santo Domingo Norte,Sabana Perdida,Apartamento,4,3,1,207,234531.00
La Romana,La Romana,Buena Vista,Apartamento,4,3,1,178,315772.00
Samaná,Las Terrenas,Playa Bonita,Apartamento,2,4,1,127,183642.00
La Romana,La Romana,Central Romana,Apartamento,4,4,1,239,416816.00
La Altagracia,Punta Cana,Bávaro,Villa,5,6,2,322,351302.00
San Pedro de Macorís,Juan Dolio,Metro Country Club,Casa,6,2,4,591,1328568.00
San Pedro de Macorís,Juan Dolio,Metro Country Club,Apartamento,2,2,1,245,304290.00
Puerto Plata,Puerto Plata,Cabarete,Apartamento,1,4,1,257,375991.00
La Romana,La Romana,Central Romana,Casa,4,5,2,337,575259.00
La Altagracia,Punta Cana,Cap Cana,Apartamento,2,4,1,167,287741.00
La Romana,La Romana,Buena Vista,Villa,5,6,3,355,596045.00
Samaná,Las Terrenas,Cosón,Casa,4,6,4,420,431760.00
Santo Domingo,Santo Domingo Oeste,Villa Aura,Apartamento,1,1,2,141,275937.00
San Pedro de Macorís,Juan Dolio,Metro Country Club,Townhouse,2,1,2,259,517741.00
Santo Domingo,Santo Domingo Oeste,Herrera,Apartamento,2,3,1,193,414757.00
Santiago,Santiago de los Caballeros,La Trinitaria,Villa,4,2,3,731,1220770.00
Puerto Plata,Puerto Plata,Torre Alta,Apartamento,1,4,2,214,354170.00
Santo Domingo,Santo Domingo Oeste,Herrera,Apartamento,1,1,2,216,349272.00
Samaná,Las Terrenas,Pueblo de los Pescadores,Apartamento,1,3,1,101,203919.00
Distrito Nacional,Santo Domingo,Naco,Apartamento,2,4,2,60,187200.00
Distrito Nacional,Santo Domingo,Evaristo Morales,Casa,3,6,4,247,439660.00
Santo Domingo,Santo Domingo Norte,Sabana Perdida,Casa,4,6,3,743,896058.00
Santiago,Santiago de los Caballeros,Los Colegios,Villa,5,2,4,199,355613.00
Santo Domingo,Santo Domingo Norte,Colinas del Arroyo,Townhouse,2,4,2,72,90288.00
Puerto Plata,Puerto Plata,Playa Dorada,Casa,3,6,3,292,350692.00
San Pedro de Macorís,Juan Dolio,Guavaberry,Apartamento,1,1,1,54,85914.00
Samaná,Las Terrenas,Playa Bonita,Apartamento,2,4,1,222,364302.00
Santiago,Santiago de los Caballeros,Los Colegios,Casa,6,3,4,439,673426.00
La Romana,La Romana,Central Romana,Villa,6,2,2,362,315664.00
Santiago,Santiago de los Caballeros,Cerro Alto,Casa,5,3,3,199,407751.00
Santo Domingo,Santo Domingo Este,Ensanche Ozama,Townhouse,4,3,1,52,76648.00
La Romana,La Romana,Buena Vista,Apartamento,4,1,1,206,385426.00
San Pedro de Macorís,Juan Dolio,Metro Country Club,Casa,5,3,3,505,566610.00
Santiago,Santiago de los Caballeros,Gurabo,Apartamento,2,4,2,178,224636.00
La Romana,La Romana,Buena Vista,Apartamento,3,1,1,152,251864.00
La Romana,La Romana,Central Romana,Casa,5,6,3,690,937710.00
La Romana,La Romana,Buena Vista,Casa,6,5,2,382,424020.00
Santo Domingo,Santo Domingo Oeste,Manoguayabo,Casa,6,5,4,721,1214885.00
Santiago,Santiago de los Caballeros,El Dorado II,Casa,5,6,3,358,403108.00
Distrito Nacional,Santo Domingo,Gazcue,Casa,6,3,2,600,1202400.00
Samaná,Las Terrenas,Playa Bonita,Casa,6,5,2,644,1297660.00
Samaná,Las Terrenas,Cosón,Casa,5,5,4,338,694252.00
Samaná,Las Terrenas,Pueblo de los Pescadores,Apartamento,2,3,2,152,311600.00
San Pedro de Macorís,Juan Dolio,Guavaberry,Apartamento,3,4,1,127,171196.00
Santo Domingo,Santo Domingo Oeste,Villa Aura,Apartamento,1,3,1,74,130980.00
Santo Domingo,Santo Domingo Oeste,Prolongación 27,Townhouse,1,2,1,153,171360.00
Distrito Nacional,Santo Domingo,Piantini,Villa,5,4,2,657,1696374.00
Santo Domingo,Santo Domingo Norte,Villa Mella,Townhouse,3,2,1,122,151768.00
Santo Domingo,Santo Domingo Oeste,Villa Aura,Casa,4,6,4,687,1035996.00
Santo Domingo,Santo Domingo Norte,Sabana Perdida,Casa,6,4,4,572,833976.00
Santo Domingo,Santo Domingo Norte,Avenida Jacobo Majluta,Casa,3,4,4,334,321642.00
La Romana,La Romana,Casa de Campo,Casa,4,2,4,676,1804920.00
Puerto Plata,Puerto Plata,Playa Dorada,Penthouse,3,5,3,506,1401620.00
Puerto Plata,Puerto Plata,Cabarete,Penthouse,5,5,2,409,950107.00
La Romana,La Romana,Casa de Campo,Villa,3,5,4,553,1159641.00
Distrito Nacional,Santo Domingo,El Millón,Apartamento,4,1,2,196,349272.00
San Pedro de Macorís,Juan Dolio,Metro Country Club,Apartamento,3,1,2,113,195377.00
San Pedro de Macorís,Juan Dolio,Guavaberry,Casa,4,4,2,254,557276.00
Santo Domingo,Santo Domingo Oeste,Manoguayabo,Apartamento,3,4,1,53,63918.00
San Pedro de Macorís,Juan Dolio,Guavaberry,Apartamento,2,1,2,139,170553.00
Santo Domingo,Santo Domingo Oeste,Manoguayabo,Casa,4,2,2,521,1106083.00
Samaná,Las Terrenas,Pueblo de los Pescadores,Apartamento,2,4,1,103,210223.00
Distrito Nacional,Santo Domingo,Evaristo Morales,Casa,4,4,3,461,815048.00
Santiago,Santiago de los Caballeros,Gurabo,Apartamento,4,4,1,163,318013.00
Santo Domingo,Santo Domingo Norte,Avenida Jacobo Majluta,Apartamento,1,1,2,155,272490.00
Santo Domingo,Santo Domingo Este,Autopista San Isidro,Apartamento,1,4,1,226,413806.00
Santo Domingo,Santo Domingo Este,San Isidro,Apartamento,2,3,1,118,214760.00
Puerto Plata,Puerto Plata,Cabarete,Townhouse,1,1,2,180,198360.00
La Altagracia,Punta Cana,Punta Cana Village,Apartamento,1,1,2,165,269445.00
Santiago,Santiago de los Caballeros,La Barranquita,Apartamento,2,1,2,62,130634.00
San Pedro de Macorís,Juan Dolio,Metro Country Club,Casa,3,6,2,192,285504.00
La Altagracia,Punta Cana,Punta Cana Village,Casa,5,2,2,739,854284.00
Santo Domingo,Santo Domingo Norte,Villa Mella,Villa,3,3,4,571,945576.00
Santo Domingo,Santo Domingo Norte,Villa Mella,Casa,5,6,4,588,1323588.00
Santiago,Santiago de los Caballeros,Gurabo,Apartamento,1,2,2,132,187704.00
Samaná,Las Terrenas,Pueblo de los Pescadores,Apartamento,4,3,2,231,351813.00
Santo Domingo,Santo Domingo Oeste,Prolongación 27,Apartamento,4,2,1,64,95232.00
Samaná,Las Terrenas,Cosón,Casa,3,6,4,234,405756.00
San Pedro de Macorís,Juan Dolio,Metro Country Club,Apartamento,4,1,1,60,80400.00
Samaná,Las Terrenas,Pueblo de los Pescadores,Apartamento,3,2,1,73,110084.00
Santo Domingo,Santo Domingo Norte,Sabana Perdida,Apartamento,1,3,2,191,342463.00
La Romana,La Romana,Casa de Campo,Apartamento,4,2,1,218,454094.00
Santo Domingo,Santo Domingo Este,Las Américas,Apartamento,1,3,2,254,361950.00
Santo Domingo,Santo Domingo Norte,Villa Mella,Apartamento,4,1,2,172,285176.00
La Altagracia,Punta Cana,White Sands,Casa,6,2,4,320,691520.00
Santo Domingo,Santo Domingo Oeste,Herrera,Apartamento,1,3,2,240,300000.00
Samaná,Las Terrenas,Pueblo de los Pescadores,Apartamento,2,3,2,252,527940.00
Puerto Plata,Puerto Plata,Torre Alta,Casa,6,3,2,514,1176546.00
Samaná,Las Terrenas,Cosón,Penthouse,4,3,2,290,663230.00
Santo Domingo,Santo Domingo Este,Lucerna,Apartamento,1,2,2,174,351132.00
Distrito Nacional,Santo Domingo,Evaristo Morales,Penthouse,5,4,2,389,624734.00
Puerto Plata,Puerto Plata,Cabarete,Casa,6,3,3,188,302492.00
Distrito Nacional,Santo Domingo,Bella Vista,Apartamento,1,4,2,52,70044.00
Distrito Nacional,Santo Domingo,Evaristo Morales,Apartamento,1,2,1,256,405760.00
Distrito Nacional,Santo Domingo,Bella Vista,Apartamento,1,3,2,90,135810.00
San Pedro de Macorís,Juan Dolio,Guavaberry,Apartamento,3,2,1,197,291954.00
Puerto Plata,Puerto Plata,Sosúa,Casa,6,2,2,654,1022856.00
San Pedro de Macorís,Juan Dolio,Guavaberry,Apartamento,3,3,1,61,106933.00
Santiago,Santiago de los Caballeros,Los Colegios,Apartamento,3,2,1,81,91773.00
La Romana,La Romana,Casa de Campo,Apartamento,4,3,2,185,439190.00
Santiago,Santiago de los Caballeros,Los Colegios,Apartamento,4,4,1,92,171028.00
Santo Domingo,Santo Domingo Norte,Villa Mella,Apartamento,4,1,2,229,442886.00
Puerto Plata,Puerto Plata,Sosúa,Casa,6,2,3,322,477848.00
La Romana,La Romana,Buena Vista,Casa,3,4,3,337,577281.00
Puerto Plata,Puerto Plata,Sosúa,Casa,5,2,3,696,1111512.00
Distrito Nacional,Santo Domingo,Naco,Apartamento,2,1,1,162,394470.00
Santo Domingo,Santo Domingo Este,San Isidro,Apartamento,1,3,2,63,114030.00
La Romana,La Romana,Buena Vista,Apartamento,3,2,1,115,197570.00
Santo Domingo,Santo Domingo Este,Ensanche Ozama,Casa,5,4,3,451,435215.00
Puerto Plata,Puerto Plata,Costámbar,Apartamento,3,2,1,224,393120.00
San Pedro de Macorís,Juan Dolio,Playa Juan Dolio,Casa,6,2,4,261,565326.00
La Romana,La Romana,Central Romana,Apartamento,4,4,2,233,449224.00
Samaná,Las Terrenas,Playa Bonita,Apartamento,4,1,1,99,174240.00
Samaná,Las Terrenas,Cosón,Casa,6,5,4,187,302192.00
San Pedro de Macorís,Juan Dolio,Metro Country Club,Apartamento,2,4,2,255,326655.00
La Romana,La Romana,Buena Vista,Casa,3,2,4,370,438450.00
Distrito Nacional,Santo Domingo,Mirador Sur,Apartamento,4,2,1,98,136612.00
Samaná,Las Terrenas,Pueblo de los Pescadores,Apartamento,2,2,2,124,202120.00
Distrito Nacional,Santo Domingo,Bella Vista,Villa,4,4,2,347,575326.00
San Pedro de Macorís,Juan Dolio,Guavaberry,Apartamento,,3,1,162,335178.00
Samaná,Las Terrenas,Pueblo de los Pescadores,Casa,5,3,2,319,426822.00
Santo Domingo,Santo Domingo Norte,Villa Mella,Apartamento,3,1,1,158,234788.00
Santo Domingo,Santo Domingo Oeste,Prolongación 27,Apartamento,3,2,1,126,266238.00
Santo Domingo,Santo Domingo Este,Las Américas,Apartamento,2,1,2,134,235438.00
Santo Domingo,Santo Domingo Este,Coral Mall,Villa,5,3,3,238,417928.00
La Altagracia,Punta Cana,El Cortecito,Apartamento,1,2,1,81,93960.00
Distrito Nacional,Santo Domingo,Renacimiento,Apartamento,2,2,1,97,192545.00
Santo Domingo,Santo Domingo Norte,Avenida Jacobo Majluta,Apartamento,4,4,1,102,127908.00
Puerto Plata,Puerto Plata,Playa Dorada,Apartamento,1,4,2,126,261954.00
Distrito Nacional,Santo Domingo,El Millón,Casa,5,2,2,567,521640.00
La Altagracia,Punta Cana,Cocotal,Apartamento,3,2,2,71,83496.00
San Pedro de Macorís,Juan Dolio,Playa Juan Dolio,Casa,3,3,3,456,
Puerto Plata,Puerto Plata,Torre Alta,Apartamento,3,2,2,166,325360.00
Santo Domingo,Santo Domingo Norte,Colinas del Arroyo,Apartamento,1,4,1,53,62593.00
Santo Domingo,Santo Domingo Oeste,Manoguayabo,Casa,5,5,3,601,597995.00
Santiago,Santiago de los Caballeros,Villa Olga,Casa,6,6,2,286,549120.00
Santo Domingo,Santo Domingo Oeste,Manoguayabo,Apartamento,3,1,2,203,433608.00
Puerto Plata,Puerto Plata,Sosúa,Apartamento,3,3,1,122,186050.00
Santo Domingo,Santo Domingo Norte,Sabana Perdida,Apartamento,4,3,1,82,112258.00
Santo Domingo,Santo Domingo Oeste,Villa Aura,Villa,3,3,2,340,670480.00
Samaná,Las Terrenas,Pueblo de los Pescadores,Penthouse,5,5,2,273,593502.00
Samaná,Las Terrenas,Cosón,Apartamento,3,2,2,54,59832.00
Santo Domingo,Santo Domingo Este,Ensanche Ozama,Apartamento,4,2,1,99,170478.00
San Pedro de Macorís,Juan Dolio,Guavaberry,Casa,4,4,3,652,1227064.00
San Pedro de Macorís,Juan Dolio,Metro Country Club,Villa,4,3,2,641,1234566.00
La Romana,La Romana,Central Romana,Apartamento,3,3,1,149,178949.00
Puerto Plata,Puerto Plata,Sosúa,Townhouse,2,3,2,152,262352.00
San Pedro de Macorís,Juan Dolio,Playa Juan Dolio,Townhouse,3,4,1,242,426888.00
La Romana,La Romana,Buena Vista,Apartamento,3,4,1,223,355462.00
Distrito Nacional,Santo Domingo,Mirador Sur,Villa,6,3,2,584,638896.00
Distrito Nacional,Santo Domingo,Sarasota,Casa,4,5,2,573,956910.00
Santo Domingo,Santo Domingo Norte,Villa Mella,Casa,5,4,3,640,1440640.00
La Romana,La Romana,Buena Vista,Townhouse,3,4,2,132,233772.00
La Altagracia,Punta Cana,El Cortecito,Apartamento,2,3,2,160,265920.00
Distrito Nacional,Santo Domingo,Piantini,Casa,6,4,4,604,1813208.00
Santo Domingo,Santo Domingo Norte,Colinas del Arroyo,Apartamento,3,1,2,147,267834.00
Santiago,Santiago de los Caballeros,Villa María,Casa,4,4,3,446,441540.00
La Romana,La Romana,Central Romana,Apartamento,3,1,1,255,385815.00
Santo Domingo,Santo Domingo Oeste,Manoguayabo,Penthouse,4,3,4,339,729189.00
San Pedro de Macorís,Juan Dolio,Metro Country Club,Apartamento,4,1,1,154,230538.00
Distrito Nacional,Santo Domingo,Mirador Sur,Casa,5,3,2,704,1524864.00
Puerto Plata,Puerto Plata,Sosúa,Casa,5,2,4,727,950189.00
Distrito Nacional,Santo Domingo,Mirador Sur,Apartamento,3,1,1,118,132632.00
Samaná,Las Terrenas,Cosón,Apartamento,4,4,2,84,139272.00
La Altagracia,Punta Cana,Cap Cana,Apartamento,1,2,2,149,381738.00
La Romana,La Romana,Casa de Campo,Casa,3,5,2,542,1363130.00
San Pedro de Macorís,Juan Dolio,Guavaberry,Townhouse,1,3,2,213,331428.00
Samaná,Las Terrenas,Cosón,Apartamento,3,1,1,218,432730.00
Distrito Nacional,Santo Domingo,Bella Vista,Apartamento,3,3,1,216,257040.00
Santo Domingo,Santo Domingo Oeste,Herrera,Apartamento,2,3,2,206,233810.00
San Pedro de Macorís,Juan Dolio,Metro Country Club,Villa,4,2,2,278,557112.00
San Pedro de Macorís,Juan Dolio,Playa Juan Dolio,Apartamento,3,4,2,142,262416.00
Santo Domingo,Santo Domingo Este,Lucerna,Apartamento,4,3,1,101,111807.00
La Romana,La Romana,Central Romana,Apartamento,2,3,2,228,379848.00
Santo Domingo,Santo Domingo Este,Las Américas,Apartamento,2,2,1,159,184917.00
La Altagracia,Punta Cana,White Sands,Apartamento,3,2,2,157,327188.00
Santiago,Santiago de los Caballeros,La Trinitaria,Casa,6,3,4,182,461370.00
Puerto Plata,Puerto Plata,Cabarete,Villa,4,2,3,274,529916.00
Santo Domingo,Santo Domingo Este,San Isidro,Apartamento,2,3,1,147,270480.00
La Altagracia,Punta Cana,Cocotal,Apartamento,1,4,1,110,151030.00
San Pedro de Macorís,Juan Dolio,Playa Juan Dolio,Casa,6,2,3,694,1412984.00
Distrito Nacional,Santo Domingo,Bella Vista,Villa,4,5,4,237,218751.00
Puerto Plata,Puerto Plata,Costámbar,Villa,6,2,4,745,1060880.00
San Pedro de Macorís,Juan Dolio,Guavaberry,Apartamento,3,1,2,157,332212.00
La Altagracia,Punta Cana,Punta Cana Village,Casa,3,6,4,220,390720.00
Santo Domingo,Santo Domingo Oeste,Manoguayabo,Apartamento,3,1,2,176,214368.00
La Romana,La Romana,Central Romana,Apartamento,4,2,2,190,290700.00
La Romana,La Romana,Buena Vista,Apartamento,4,4,1,184,210864.00
Santo Domingo,Santo Domingo Norte,Villa Mella,Apartamento,4,1,1,110,210870.00
Santo Domingo,Santo Domingo Este,Ensanche Ozama,Casa,3,4,4,270,531900.00
La Romana,La Romana,Casa de Campo,Casa,6,2,4,317,444117.00
San Pedro de Macorís,Juan Dolio,Metro Country Club,Penthouse,4,5,4,238,414596.00
Distrito Nacional,Santo Domingo,El Millón,Apartamento,2,4,1,200,278800.00
Puerto Plata,Puerto Plata,Playa Dorada,Apartamento,2,2,2,230,493810.00
Puerto Plata,Puerto Plata,Costámbar,Apartamento,4,1,1,232,405304.00
Distrito Nacional,Santo Domingo,Renacimiento,Apartamento,4,4,1,98,175616.00
La Altagracia,Punta Cana,White Sands,Apartamento,4,4,1,239,312373.00
Santo Domingo,Santo Domingo Norte,Avenida Jacobo Majluta,Casa,5,4,4,223,500635.00
La Altagracia,Punta Cana,El Cortecito,Apartamento,1,3,1,214,276274.00
La Romana,La Romana,Buena Vista,Apartamento,2,3,2,117,139347.00
Santiago,Santiago de los Caballeros,Villa María,Townhouse,2,1,1,129,158670.00
Santiago,Santiago de los Caballeros,Villa Olga,Townhouse,1,2,1,215,378400.00
Distrito Nacional,Santo Domingo,Evaristo Morales,Apartamento,4,1,2,210,400050.00
La Romana,La Romana,Central Romana,Casa,3,6,4,628,1112816.00
Samaná,Las Terrenas,Cosón,Apartamento,2,2,2,255,419730.00
La Altagracia,Punta Cana,El Cortecito,Apartamento,3,4,2,197,334900.00
Distrito Nacional,Santo Domingo,Evaristo Morales,Villa,6,5,3,202,198970.00
Puerto Plata,Puerto Plata,Cabarete,Penthouse,5,4,3,331,834451.00
La Romana,La Romana,Central Romana,Casa,3,4,4,690,1103310.00
San Pedro de Macorís,Juan Dolio,Playa Juan Dolio,Penthouse,5,5,4,295,842520.00
San Pedro de Macorís,Juan Dolio,Metro Country Club,Casa,6,6,4,393,364311.00
Santo Domingo,Santo Domingo Norte,Villa Mella,Apartamento,3,3,1,260,406640.00
Santo Domingo,Santo Domingo Oeste,Prolongación 27,Apartamento,4,3,1,190,343900.00
Santiago,Santiago de los Caballeros,La Trinitaria,Apartamento,4,1,2,103,273568.00
Santiago,Santiago de los Caballeros,La Barranquita,Villa,5,5,2,305,474885.00
Samaná,Las Terrenas,Cosón,Apartamento,1,4,2,239,319065.00
Puerto Plata,Puerto Plata,Sosúa,Apartamento,3,1,1,92,115644.00
La Romana,La Romana,Central Romana,Casa,3,4,2,413,604632.00
Santiago,Santiago de los Caballeros,Villa Olga,Apartamento,1,3,1,227,476019.00
San Pedro de Macorís,Juan Dolio,Guavaberry,Casa,4,6,4,308,599676.00
Puerto Plata,Puerto Plata,Costámbar,Apartamento,2,2,1,257,362370.00
Puerto Plata,Puerto Plata,Costámbar,Townhouse,1,4,1,79,117394.00
Puerto Plata,Puerto Plata,Torre Alta,Apartamento,1,4,2,155,308605.00
Santo Domingo,Santo Domingo Este,Alma Rosa,Casa,5,5,2,464,559584.00
Distrito Nacional,Santo Domingo,Bella Vista,Apartamento,2,2,1,118,139358.00
Santo Domingo,Santo Domingo Este,Ensanche Ozama,Apartamento,4,2,2,174,318942.00
Samaná,Las Terrenas,Pueblo de los Pescadores,Casa,6,5,4,253,384560.00
Santo Domingo,Santo Domingo Norte,Colinas del Arroyo,Casa,6,2,3,480,434400.00
Samaná,Las Terrenas,Playa Bonita,Casa,5,2,3,491,814569.00
La Altagracia,Punta Cana,El Cortecito,Villa,4,5,2,292,576700.00
Puerto Plata,Puerto Plata,Cabarete,Apartamento,2,4,1,67,122610.00
Puerto Plata,Puerto Plata,Playa Dorada,Apartamento,3,2,1,174,347652.00
Puerto Plata,Puerto Plata,Costámbar,Villa,5,6,2,206,266358.00
La Romana,La Romana,Buena Vista,Casa,4,4,3,245,312620.00
Santiago,Santiago de los Caballeros,Los Colegios,Penthouse,4,5,3,466,833208.00
Santo Domingo,Santo Domingo Norte,Avenida Jacobo Majluta,Apartamento,3,4,1,109,134615.00
Santiago,Santiago de los Caballeros,Villa María,Casa,3,4,4,673,974504.00
Samaná,Las Terrenas,Playa Bonita,Casa,3,2,3,648,1248696.00
La Romana,La Romana,Buena Vista,Apartamento,3,2,1,84,93744.00
Santiago,Santiago de los Caballeros,Gurabo,Apartamento,3,2,2,176,350416.00
Puerto Plata,Puerto Plata,Sosúa,Apartamento,1,3,1,65,84760.00
La Romana,La Romana,Buena Vista,Townhouse,1,3,1,199,253128.00
La Altagracia,Punta Cana,Bávaro,Penthouse,4,3,3,466,1209270.00
Puerto Plata,Puerto Plata,Cabarete,Apartamento,1,4,1,190,386460.00
Santo Domingo,Santo Domingo Este,Alma Rosa,Apartamento,4,3,2,127,173101.00
La Altagracia,Punta Cana,El Cortecito,Villa,6,6,4,182,207844.00
Puerto Plata,Puerto Plata,Playa Dorada,Apartamento,2,1,2,117,171639.00
Santo Domingo,Santo Domingo Oeste,Herrera,Apartamento,1,2,1,63,93114.00
La Romana,La Romana,Buena Vista,Villa,5,2,4,514,581848.00
Santo Domingo,Santo Domingo Norte,Colinas del Arroyo,Apartamento,1,3,1,56,107856.00
Puerto Plata,Puerto Plata,Torre Alta,Casa,5,2,3,507,1041885.00
Samaná,Las Terrenas,Playa Bonita,Casa,6,5,2,390,746070.00
Santo Domingo,Santo Domingo Norte,Avenida Jacobo Majluta,Casa,4,4,2,212,318848.00
Santo Domingo,Santo Domingo Oeste,Prolongación 27,Casa,4,2,3,566,642976.00
Distrito Nacional,Santo Domingo,Naco,Townhouse,1,1,1,244,576572.00
Santiago,Santiago de los Caballeros,Los Colegios,Casa,3,3,2,358,570652.00
Santo Domingo,Santo Domingo Norte,Sabana Perdida,Townhouse,1,2,1,112,181440.00
La Altagracia,Punta Cana,El Cortecito,Apartamento,3,2,1,127,187960.00
La Romana,La Romana,Buena Vista,Casa,5,6,3,618,531480.00
Santo Domingo,Santo Domingo Norte,Colinas del Arroyo,Apartamento,4,4,1,118,171808.00
Distrito Nacional,Santo Domingo,Mirador Sur,Townhouse,2,4,2,212,438628.00
Santo Domingo,Santo Domingo Oeste,Villa Aura,Apartamento,3,2,2,109,199361.00
Puerto Plata,Puerto Plata,Sosúa,Apartamento,2,4,2,144,256320.00
Samaná,Las Terrenas,Playa Bonita,Casa,6,3,3,432,932688.00
La Romana,La Romana,Casa de Campo,Apartamento,4,4,2,76,193724.00
San Pedro de Macorís,Juan Dolio,Guavaberry,Casa,6,6,4,559,657384.00
Santiago,Santiago de los Caballeros,Villa Olga,Apartamento,3,4,2,234,409500.00
Santo Domingo,Santo Domingo Oeste,Villa Aura,Casa,6,3,4,744,1148736.00
Santo Domingo,Santo Domingo Oeste,Prolongación 27,Casa,6,5,4,334,487306.00
Santo Domingo,Santo Domingo Este,Coral Mall,Apartamento,2,4,2,100,155900.00
La Altagracia,Punta Cana,Punta Cana Village,Casa,5,5,4,516,966984.00
Puerto Plata,Puerto Plata,Cabarete,Apartamento,1,4,1,150,210150.00
Santiago,Santiago de los Caballeros,Villa Olga,Apartamento,2,1,2,74,135050.00
Santo Domingo,Santo Domingo Oeste,Herrera,Casa,4,5,2,209,282359.00
Distrito Nacional,Santo Domingo,El Millón,Villa,6,3,3,240,435600.00
Santo Domingo,Santo Domingo Norte,Villa Mella,Penthouse,4,5,4,436,1084332.00
La Romana,La Romana,Central Romana,Casa,4,5,4,461,933525.00
Santo Domingo,Santo Domingo Oeste,Herrera,Casa,3,4,3,381,785622.00
Santiago,Santiago de los Caballeros,Villa Olga,Apartamento,3,3,1,241,346076.00
Puerto Plata,Puerto Plata,Costámbar,Apartamento,4,2,1,203,268366.00
San Pedro de Macorís,Juan Dolio,Metro Country Club,Apartamento,3,1,1,151,247187.00
La Romana,La Romana,Central Romana,Casa,3,3,4,603,1379664.00
Puerto Plata,Puerto Plata,Costámbar,Apartamento,1,4,2,222,255744.00
Puerto Plata,Puerto Plata,Playa Dorada,Casa,5,3,4,293,268681.00
Santo Domingo,Santo Domingo Este,San Isidro,Casa,5,6,2,296,494616.00
Santo Domingo,Santo Domingo Oeste,Villa Aura,Apartamento,1,1,1,107,168418.00
Santiago,Santiago de los Caballeros,Los Colegios,Casa,6,5,4,390,879060.00
Santiago,Santiago de los Caballeros,El Dorado II,Casa,5,2,4,243,241785.00
Puerto Plata,Puerto Plata,Torre Alta,Apartamento,1,1,2,189,243054.00
Santo Domingo,Santo Domingo Este,San Isidro,Casa,5,6,4,265,238765.00
Distrito Nacional,Santo Domingo,Gazcue,Apartamento,2,1,1,185,361490.00
Puerto Plata,Puerto Plata,Sosúa,Apartamento,1,1,1,113,191761.00
Santo Domingo,Santo Domingo Norte,Villa Mella,Townhouse,2,3,2,127,207518.00
Santo Domingo,Santo Domingo Norte,Villa Mella,Casa,4,2,3,242,550308.00
San Pedro de Macorís,Juan Dolio,Playa Juan Dolio,Townhouse,1,4,1,102,191964.00
Distrito Nacional,Santo Domingo,Naco,Apartamento,4,1,1,252,825552.00
Santo Domingo,Santo Domingo Este,Ensanche Ozama,Villa,3,6,4,496,437968.00
Santo Domingo,Santo Domingo Norte,Colinas del Arroyo,Penthouse,5,3,2,486,1281582.00
Santo Domingo,Santo Domingo Este,Coral Mall,Casa,4,6,3,486,728514.00
Santo Domingo,Santo Domingo Norte,Sabana Perdida,Penthouse,3,5,2,443,1096425.00
La Romana,La Romana,Buena Vista,Apartamento,3,4,1,204,254184.00
Santo Domingo,Santo Domingo Oeste,Herrera,Casa,6,4,4,293,643428.00
Puerto Plata,Puerto Plata,Sosúa,Apartamento,3,2,1,214,301740.00
Santo Domingo,Santo Domingo Este,Coral Mall,Casa,3,2,4,423,430614.00
La Altagracia,Punta Cana,Cap Cana,Apartamento,4,4,1,149,285335.00
Puerto Plata,Puerto Plata,Playa Dorada,Casa,5,4,2,510,616590.00
San Pedro de Macorís,Juan Dolio,Playa Juan Dolio,Apartamento,1,1,1,212,390928.00
Santiago,Santiago de los Caballeros,Villa Olga,Apartamento,1,4,2,183,335805.00
Puerto Plata,Puerto Plata,Torre Alta,Apartamento,2,1,1,144,189648.00
Samaná,Las Terrenas,Pueblo de los Pescadores,Apartamento,3,4,2,139,267297.00
Santo Domingo,Santo Domingo Oeste,Villa Aura,Apartamento,3,2,1,164,209264.00
San Pedro de Macorís,Juan Dolio,Metro Country Club,Apartamento,2,3,2,143,164879.00
Santiago,Santiago de los Caballeros,La Barranquita,Villa,6,2,4,223,227237.00
Santiago,Santiago de los Caballeros,Los Colegios,Casa,4,2,3,701,1526077.00
Puerto Plata,Puerto Plata,Cabarete,Casa,6,2,2,183,394548.00
Puerto Plata,Puerto Plata,Torre Alta,Apartamento,1,3,1,174,239598.00
La Romana,La Romana,Casa de Campo,Casa,6,3,2,693,1156617.00
Santo Domingo,Santo Domingo Este,Coral Mall,Villa,4,3,2,326,645480.00
Santo Domingo,Santo Domingo Norte,Avenida Jacobo Majluta,Casa,4,4,2,728,1032304.00
San Pedro de Macorís,Juan Dolio,Guavaberry,Villa,4,4,4,484,442860.00
Distrito Nacional,Santo Domingo,Gazcue,Casa,5,5,4,298,392466.00
La Altagracia,Punta Cana,Bávaro,Apartamento,2,3,1,248,432264.00
Santo Domingo,Santo Domingo Oeste,Villa Aura,Townhouse,4,2,1,246,336528.00
Distrito Nacional,Santo Domingo,Renacimiento,Casa,5,5,4,221,458796.00
San Pedro de Macorís,Juan Dolio,Playa Juan Dolio,Casa,4,6,2,254,228092.00
Santiago,Santiago de los Caballeros,El Dorado II,Apartamento,3,2,2,69,122889.00
Santo Domingo,Santo Domingo Norte,Villa Mella,Penthouse,4,4,3,504,1178856.00
San Pedro de Macorís,Juan Dolio,Guavaberry,Apartamento,2,1,1,71,152224.00
La Romana,La Romana,Central Romana,Casa,6,3,3,689,1374555.00
Distrito Nacional,Santo Domingo,Evaristo Morales,Apartamento,1,2,1,106,213060.00
Santiago,Santiago de los Caballeros,La Trinitaria,Villa,6,6,4,194,451826.00
La Altagracia,Punta Cana,Cocotal,Apartamento,3,4,2,201,346926.00
Distrito Nacional,Santo Domingo,Sarasota,Apartamento,2,1,2,204,403920.00
Samaná,Las Terrenas,Pueblo de los Pescadores,Casa,5,4,2,712,1490928.00
La Romana,La Romana,Buena Vista,Casa,3,2,3,519,887490.00
San Pedro de Macorís,Juan Dolio,Metro Country Club,Casa,5,4,3,224,228256.00
Puerto Plata,Puerto Plata,Costámbar,Casa,6,2,2,608,1343072.00
La Romana,La Romana,Casa de Campo,Casa,3,3,3,405,1349460.00
Distrito Nacional,Santo Domingo,Sarasota,Casa,6,5,4,344,743384.00
Samaná,Las Terrenas,Cosón,Casa,5,5,3,364,550004.00
Distrito Nacional,Santo Domingo,Sarasota,Casa,4,3,4,324,441612.00
Santo Domingo,Santo Domingo Norte,Avenida Jacobo Majluta,Apartamento,1,1,2,70,142100.00
Santo Domingo,Santo Domingo Norte,Colinas del Arroyo,Casa,5,4,2,587,1220373.00
Santo Domingo,Santo Domingo Este,Coral Mall,Apartamento,3,4,2,199,230442.00
Puerto Plata,Puerto Plata,Cabarete,Villa,6,2,2,464,550304.00
La Altagracia,Punta Cana,El Cortecito,Casa,4,3,4,327,693240.00
La Altagracia,Punta Cana,White Sands,Apartamento,3,2,1,71,124889.00
La Romana,La Romana,Casa de Campo,Apartamento,2,1,2,55,118140.00
Samaná,Las Terrenas,Cosón,Apartamento,1,4,1,75,157050.00
Santiago,Santiago de los Caballeros,Cerro Alto,Apartamento,2,1,2,72,139248.00
San Pedro de Macorís,Juan Dolio,Playa Juan Dolio,Penthouse,3,3,3,343,929187.00
Santo Domingo,Santo Domingo Norte,Sabana Perdida,Apartamento,2,4,1,151,234503.00
Santo Domingo,Santo Domingo Norte,Colinas del Arroyo,Apartamento,2,1,1,200,284200.00
La Romana,La Romana,Casa de Campo,Apartamento,3,1,1,88,162536.00
Puerto Plata,Puerto Plata,Sosúa,Apartamento,1,1,1,214,341972.00
Santo Domingo,Santo Domingo Oeste,Villa Aura,Apartamento,4,4,1,204,250104.00
Distrito Nacional,Santo Domingo,Piantini,Apartamento,2,3,2,75,217500.00
Santo Domingo,Santo Domingo Norte,Avenida Jacobo Majluta,Villa,6,4,4,684,671004.00
La Romana,La Romana,Central Romana,Apartamento,3,1,2,198,275616.00
Santo Domingo,Santo Domingo Oeste,Herrera,Casa,5,3,2,419,426961.00
Puerto Plata,Puerto Plata,Torre Alta,Apartamento,1,3,2,146,247178.00
San Pedro de Macorís,Juan Dolio,Playa Juan Dolio,Casa,4,5,2,301,634809.00
Santiago,Santiago de los Caballeros,Villa María,Casa,3,2,4,642,1201182.00
Puerto Plata,Puerto Plata,Torre Alta,Apartamento,3,1,2,95,196080.00
Puerto Plata,Puerto Plata,Sosúa,Casa,4,6,2,508,927608.00
La Romana,La Romana,Casa de Campo,Apartamento,1,1,1,83,206172.00
Santo Domingo,Santo Domingo Este,Lucerna,Casa,6,6,4,632,568168.00
Puerto Plata,Puerto Plata,Torre Alta,Apartamento,2,3,1,84,118356.00
Santo Domingo,Santo Domingo Oeste,Manoguayabo,Casa,5,6,2,253,286396.00
Puerto Plata,Puerto Plata,Playa Dorada,Apartamento,3,4,1,177,224967.00
Santo Domingo,Santo Domingo Este,Coral Mall,Villa,5,3,2,221,200889.00
Santo Domingo,Santo Domingo Oeste,Manoguayabo,Villa,4,6,4,332,447536.00
Santo Domingo,Santo Domingo Este,Ensanche Ozama,Casa,6,4,4,694,1129832.00
Puerto Plata,Puerto Plata,Playa Dorada,Casa,6,6,4,444,471084.00
San Pedro de Macorís,Juan Dolio,Playa Juan Dolio,Apartamento,4,4,2,195,242970.00
La Altagracia,Punta Cana,Cap Cana,Penthouse,3,3,2,270,862920.00
Distrito Nacional,Santo Domingo,Renacimiento,Villa,4,5,3,479,587254.00
Puerto Plata,Puerto Plata,Torre Alta,Villa,4,4,2,327,604623.00
Santo Domingo,Santo Domingo Norte,Colinas del Arroyo,Apartamento,3,2,1,175,323400.00
Puerto Plata,Puerto Plata,Costámbar,Penthouse,4,5,3,430,873760.00
La Romana,La Romana,Buena Vista,Apartamento,4,2,1,121,204369.00
La Altagracia,Punta Cana,Bávaro,Casa,6,3,3,185,313760.00
Samaná,Las Terrenas,Playa Bonita,Townhouse,4,3,2,186,331638.00
Santo Domingo,Santo Domingo Este,Ensanche Ozama,Villa,3,5,2,638,1087790.00
San Pedro de Macorís,Juan Dolio,Metro Country Club,Apartamento,2,3,1,207,414414.00
Samaná,Las Terrenas,Playa Bonita,Casa,5,3,2,314,636792.00
Santo Domingo,Santo Domingo Este,Coral Mall,Apartamento,3,1,1,87,130587.00
Santiago,Santiago de los Caballeros,Villa Olga,Apartamento,1,3,2,176,360624.00
Santo Domingo,Santo Domingo Norte,Colinas del Arroyo,Casa,5,2,3,204,258264.00
Santo Domingo,Santo Domingo Oeste,Prolongación 27,Casa,6,6,4,327,440469.00
Santo Domingo,Santo Domingo Oeste,Manoguayabo,Apartamento,2,1,2,131,161261.00
Puerto Plata,Puerto Plata,Torre Alta,Apartamento,4,1,2,100,193300.00
Santo Domingo,Santo Domingo Oeste,Prolongación 27,Villa,6,3,2,295,291165.00
Santo Domingo,Santo Domingo Norte,Avenida Jacobo Majluta,Casa,3,6,3,695,972305.00
Santo Domingo,Santo Domingo Norte,Sabana Perdida,Villa,4,3,2,613,1087462.00
Samaná,Las Terrenas,Cosón,Casa,4,6,4,595,1113245.00
Santo Domingo,Santo Domingo Este,Lucerna,Casa,3,4,4,439,918388.00
Santiago,Santiago de los Caballeros,La Barranquita,Villa,4,2,4,559,954772.00
Santiago,Santiago de los Caballeros,Gurabo,Casa,4,3,3,558,580878.00
Samaná,Las Terrenas,Playa Bonita,Apartamento,1,1,1,134,227398.00
Puerto Plata,Puerto Plata,Sosúa,Apartamento,1,1,1,184,394312.00
Samaná,Las Terrenas,Pueblo de los Pescadores,Apartamento,1,3,2,213,263907.00
Distrito Nacional,Santo Domingo,Gazcue,Casa,4,2,3,595,974610.00
La Romana,La Romana,Buena Vista,Casa,4,4,2,714,1534386.00
Santo Domingo,Santo Domingo Este,Coral Mall,Apartamento,2,4,2,167,292918.00
La Altagracia,Punta Cana,Cocotal,Casa,3,6,4,192,203712.00
Puerto Plata,Puerto Plata,Playa Dorada,Penthouse,4,4,3,276,689172.00
San Pedro de Macorís,Juan Dolio,Playa Juan Dolio,Casa,3,6,2,338,607386.00
Santo Domingo,Santo Domingo Este,San Isidro,Villa,4,5,4,285,496470.00
Santo Domingo,Santo Domingo Este,Alma Rosa,Apartamento,4,4,2,78,99372.00
Samaná,Las Terrenas,Pueblo de los Pescadores,Apartamento,4,4,2,198,299574.00
Santo Domingo,Santo Domingo Oeste,Prolongación 27,Apartamento,4,1,2,57,101517.00
La Romana,La Romana,Casa de Campo,Apartamento,3,3,1,200,561600.00
Puerto Plata,Puerto Plata,Costámbar,Apartamento,2,3,1,143,227370.00
Santo Domingo,Santo Domingo Oeste,Prolongación 27,Casa,6,5,4,325,338975.00
San Pedro de Macorís,Juan Dolio,Playa Juan Dolio,Apartamento,1,1,2,188,309824.00
Puerto Plata,Puerto Plata,Torre Alta,Apartamento,2,1,1,51,71910.00
La Romana,La Romana,Buena Vista,Casa,6,3,3,573,991290.00
Samaná,Las Terrenas,Pueblo de los Pescadores,Villa,4,4,3,251,541156.00
La Altagracia,Punta Cana,White Sands,Apartamento,2,3,1,182,338338.00
Santiago,Santiago de los Caballeros,La Barranquita,Casa,4,2,4,658,815920.00
Distrito Nacional,Santo Domingo,Sarasota,Penthouse,4,3,4,224,628992.00
San Pedro de Macorís,Juan Dolio,Metro Country Club,Apartamento,2,4,2,170,345610.00
Santo Domingo,Santo Domingo Este,Alma Rosa,Villa,5,3,3,311,705659.00
San Pedro de Macorís,Juan Dolio,Playa Juan Dolio,Apartamento,4,2,1,249,305025.00
Distrito Nacional,Santo Domingo,El Millón,Penthouse,3,3,2,292,604440.00
Santo Domingo,Santo Domingo Norte,Avenida Jacobo Majluta,Casa,5,5,2,233,364412.00
San Pedro de Macorís,Juan Dolio,Playa Juan Dolio,Apartamento,4,1,2,80,165760.00
Santo Domingo,Santo Domingo Este,San Isidro,Apartamento,4,3,2,153,310896.00
Puerto Plata,Puerto Plata,Costámbar,Casa,6,6,2,379,545002.00
Santiago,Santiago de los Caballeros,Gurabo,Casa,5,3,2,468,530244.00
Puerto Plata,Puerto Plata,Costámbar,Casa,6,6,2,366,406260.00
Santo Domingo,Santo Domingo Este,Las Américas,Casa,5,3,4,193,345277.00
Distrito Nacional,Santo Domingo,La Julia,Apartamento,4,2,2,62,82646.00
La Altagracia,Punta Cana,El Cortecito,Apartamento,1,1,2,59,76464.00
Distrito Nacional,Santo Domingo,Naco,Apartamento,2,4,1,57,188328.00
Distrito Nacional,Santo Domingo,Bella Vista,Apartamento,2,3,2,136,276488.00
La Romana,La Romana,Casa de Campo,Casa,5,6,4,391,959123.00
San Pedro de Macorís,Juan Dolio,Metro Country Club,Apartamento,1,3,2,170,218620.00
Santiago,Santiago de los Caballeros,La Barranquita,Casa,6,5,3,425,496825.00
Distrito Nacional,Santo Domingo,Evaristo Morales,Casa,6,3,4,597,1024452.00
La Altagracia,Punta Cana,Cap Cana,Apartamento,2,3,2,187,516494.00
Santiago,Santiago de los Caballeros,Cerro Alto,Townhouse,4,2,2,50,59000.00
Distrito Nacional,Santo Domingo,Bella Vista,Casa,6,2,2,491,1087565.00
Puerto Plata,Puerto Plata,Sosúa,Apartamento,1,3,2,103,143479.00
San Pedro de Macorís,Juan Dolio,Metro Country Club,Apartamento,2,1,1,110,193050.00
Puerto Plata,Puerto Plata,Cabarete,Apartamento,2,1,1,64,77824.00
Distrito Nacional,Santo Domingo,Mirador Sur,Casa,4,2,4,634,1215378.00
Santo Domingo,Santo Domingo Este,Lucerna,Casa,5,6,2,357,688296.00
Santo Domingo,Santo Domingo Oeste,Villa Aura,Apartamento,3,1,2,189,277452.00
Samaná,Las Terrenas,Pueblo de los Pescadores,Casa,4,2,3,405,869535.00
San Pedro de Macorís,Juan Dolio,Guavaberry,Apartamento,2,4,2,93,106950.00
La Romana,La Romana,Casa de Campo,Casa,4,5,4,248,601152.00
Samaná,Las Terrenas,Cosón,Apartamento,3,4,1,138,214038.00
Santo Domingo,Santo Domingo Este,Autopista San Isidro,Villa,3,2,3,741,951444.00
Santo Domingo,Santo Domingo Oeste,Herrera,Villa,6,5,2,,1350646.00
Santiago,Santiago de los Caballeros,Cerro Alto,Casa,3,4,2,612,1279692.00
Santo Domingo,Santo Domingo Oeste,Manoguayabo,Townhouse,3,1,1,153,320382.00
Puerto Plata,Puerto Plata,Torre Alta,Apartamento,1,4,2,151,204756.00
La Romana,La Romana,Central Romana,Villa,4,5,2,622,1222230.00
La Romana,La Romana,Central Romana,Apartamento,1,1,2,248,354640.00
San Pedro de Macorís,Juan Dolio,Guavaberry,Casa,4,3,3,622,1082280.00
San Pedro de Macorís,Juan Dolio,Playa Juan Dolio,Villa,3,6,4,379,669314.00
Puerto Plata,Puerto Plata,Sosúa,Penthouse,4,3,2,501,1408812.00
Samaná,Las Terrenas,Pueblo de los Pescadores,Villa,3,5,3,427,640927.00
Samaná,Las Terrenas,Pueblo de los Pescadores,Casa,5,4,4,668,1224444.00
San Pedro de Macorís,Juan Dolio,Metro Country Club,Apartamento,4,4,2,56,83104.00
La Romana,La Romana,Buena Vista,Townhouse,1,3,1,68,115260.00
Santo Domingo,Santo Domingo Este,Autopista San Isidro,Apartamento,4,3,2,191,283635.00
Samaná,Las Terrenas,Playa Bonita,Townhouse,2,3,2,139,179310.00
La Romana,La Romana,Central Romana,Apartamento,1,3,2,60,72840.00
La Altagracia,Punta Cana,Bávaro,Casa,4,4,3,365,700800.00
San Pedro de Macorís,Juan Dolio,Playa Juan Dolio,Villa,6,4,4,654,621954.00
Santo Domingo,Santo Domingo Oeste,Herrera,Apartamento,2,1,1,76,106932.00
La Altagracia,Punta Cana,White Sands,Casa,6,2,3,461,553200.00
Samaná,Las Terrenas,Playa Bonita,Apartamento,,2,1,91,142415.00
Puerto Plata,Puerto Plata,Playa Dorada,Casa,3,6,2,573,684162.00
Distrito Nacional,Santo Domingo,Piantini,Apartamento,4,2,1,84,212856.00
Santo Domingo,Santo Domingo Norte,Sabana Perdida,Apartamento,4,2,2,229,463496.00
La Altagracia,Punta Cana,Cap Cana,Apartamento,3,1,2,176,351296.00
Santiago,Santiago de los Caballeros,Los Colegios,Apartamento,3,4,2,115,138115.00
Puerto Plata,Puerto Plata,Playa Dorada,Penthouse,3,,4,375,756750.00
Santo Domingo,Santo Domingo Oeste,Villa Aura,Apartamento,1,3,2,217,429226.00
La Romana,La Romana,Central Romana,Apartamento,4,3,1,220,362560.00
La Romana,La Romana,Casa de Campo,Apartamento,2,3,2,211,466521.00
Puerto Plata,Puerto Plata,Torre Alta,Casa,6,4,4,500,671000.00
Santo Domingo,Santo Domingo Norte,Villa Mella,Villa,6,5,3,717,1300638.00
Distrito Nacional,Santo Domingo,Sarasota,Penthouse,4,3,2,429,1179321.00
La Romana,La Romana,Casa de Campo,Apartamento,3,3,1,236,724520.00
Samaná,Las Terrenas,Pueblo de los Pescadores,Apartamento,1,3,1,245,422625.00
La Altagracia,Punta Cana,Bávaro,Apartamento,1,2,2,152,311448.00
Santo Domingo,Santo Domingo Norte,Villa Mella,Casa,4,4,2,380,764180.00
Distrito Nacional,Santo Domingo,El Millón,Apartamento,4,2,2,119,215033.00
Distrito Nacional,Santo Domingo,Evaristo Morales,Apartamento,1,1,2,85,151810.00
La Romana,La Romana,Buena Vista,Casa,3,3,4,184,269376.00
La Altagracia,Punta Cana,Bávaro,Apartamento,1,3,1,137,214268.00
Santo Domingo,Santo Domingo Este,Ensanche Ozama,Penthouse,5,4,4,339,663762.00
San Pedro de Macorís,Juan Dolio,Playa Juan Dolio,Villa,5,3,2,282,303996.00
Santo Domingo,Santo Domingo Norte,Avenida Jacobo Majluta,Apartamento,1,3,1,152,278616.00
Santo Domingo,Santo Domingo Norte,Sabana Perdida,Villa,4,6,3,569,697025.00
La Altagracia,Punta Cana,Bávaro,Apartamento,3,4,1,185,276390.00
La Romana,La Romana,Central Romana,Apartamento,3,3,2,70,114170.00
Puerto Plata,Puerto Plata,Sosúa,Apartamento,1,2,2,74,93240.00
San Pedro de Macorís,Juan Dolio,Playa Juan Dolio,Penthouse,4,4,3,380,741000.00
San Pedro de Macorís,Juan Dolio,Playa Juan Dolio,Casa,6,3,3,370,726310.00
Santo Domingo,Santo Domingo Este,San Isidro,Apartamento,2,4,2,148,191660.00
Santo Domingo,Santo Domingo Norte,Villa Mella,Apartamento,4,3,2,234,337194.00
Puerto Plata,Puerto Plata,Costámbar,Villa,4,5,2,706,972162.00
La Romana,La Romana,Casa de Campo,Apartamento,4,4,1,53,100276.00
Puerto Plata,Puerto Plata,Playa Dorada,Casa,6,3,2,420,888720.00
Samaná,Las Terrenas,Cosón,Penthouse,4,5,3,250,534000.00
La Altagracia,Punta Cana,Bávaro,Apartamento,2,2,2,162,253692.00
Santo Domingo,Santo Domingo Este,Ensanche Ozama,Townhouse,2,3,1,248,292144.00
Santiago,Santiago de los Caballeros,Villa María,Villa,3,4,4,335,323945.00
Santo Domingo,Santo Domingo Norte,Colinas del Arroyo,Apartamento,2,4,2,143,170742.00
Santo Domingo,Santo Domingo Norte,Avenida Jacobo Majluta,Apartamento,2,1,1,115,157665.00
San Pedro de Macorís,Juan Dolio,Guavaberry,Apartamento,4,4,2,97,119310.00
Santo Domingo,Santo Domingo Este,Lucerna,Apartamento,1,3,2,99,126126.00
La Romana,La Romana,Central Romana,Casa,5,3,3,561,734910.00
Santo Domingo,Santo Domingo Este,Alma Rosa,Apartamento,2,4,2,80,105520.00
La Altagracia,Punta Cana,Bávaro,Apartamento,1,4,1,149,267455.00
Santo Domingo,Santo Domingo Este,San Isidro,Casa,4,6,2,617,702763.00
Samaná,Las Terrenas,Playa Bonita,Apartamento,4,2,1,90,117000.00
Samaná,Las Terrenas,Pueblo de los Pescadores,Casa,3,4,3,403,903123.00
San Pedro de Macorís,Juan Dolio,Guavaberry,Apartamento,1,1,2,85,172040.00
San Pedro de Macorís,Juan Dolio,Metro Country Club,Apartamento,3,3,1,145,217790.00
Distrito Nacional,Santo Domingo,Gazcue,Casa,3,2,2,186,207948.00
Puerto Plata,Puerto Plata,Playa Dorada,Casa,6,6,4,215,276490.00
Santiago,Santiago de los Caballeros,Villa María,Villa,4,6,3,695,1159260.00
San Pedro de Macorís,Juan Dolio,Guavaberry,Casa,3,4,2,390,549510.00
Puerto Plata,Puerto Plata,Torre Alta,Apartamento,3,1,1,111,218448.00
La Romana,La Romana,Central Romana,Casa,3,3,4,315,555660.00
Santo Domingo,Santo Domingo Norte,Villa Mella,Casa,5,2,2,430,612750.00
Puerto Plata,Puerto Plata,Sosúa,Casa,5,3,2,182,191282.00
Santo Domingo,Santo Domingo Oeste,Prolongación 27,Apartamento,2,2,1,247,371241.00
Santo Domingo,Santo Domingo Este,Autopista San Isidro,Apartamento,1,4,1,156,174408.00
Santo Domingo,Santo Domingo Oeste,Herrera,Apartamento,4,2,2,203,228375.00
San Pedro de Macorís,Juan Dolio,Playa Juan Dolio,Apartamento,3,4,2,173,255521.00
Distrito Nacional,Santo Domingo,Piantini,Casa,4,2,3,282,416514.00
San Pedro de Macorís,Juan Dolio,Metro Country Club,Apartamento,4,2,2,193,356471.00
Distrito Nacional,Santo Domingo,Sarasota,Villa,5,2,2,401,717389.00
Distrito Nacional,Santo Domingo,Sarasota,Apartamento,1,1,2,254,437388.00
La Altagracia,Punta Cana,Punta Cana Village,Penthouse,4,5,3,292,806796.00
Puerto Plata,Puerto Plata,Costámbar,Apartamento,1,2,2,159,337080.00
Santo Domingo,Santo Domingo Este,Ensanche Ozama,Apartamento,1,4,1,158,251536.00
Samaná,Las Terrenas,Cosón,Apartamento,2,4,2,248,496496.00
La Romana,La Romana,Casa de Campo,Penthouse,4,4,3,326,1232280.00
Santo Domingo,Santo Domingo Este,Ensanche Ozama,Apartamento,4,3,1,92,127512.00
Santo Domingo,Santo Domingo Oeste,Villa Aura,Apartamento,1,3,2,251,476900.00
Puerto Plata,Puerto Plata,Cabarete,Apartamento,2,2,1,125,165750.00
Santo Domingo,Santo Domingo Este,Autopista San Isidro,Apartamento,1,3,1,210,274890.00
La Altagracia,Punta Cana,Cap Cana,Casa,4,2,4,586,1760930.00
Puerto Plata,Puerto Plata,Cabarete,Villa,6,4,3,207,281934.00
Puerto Plata,Puerto Plata,Costámbar,Apartamento,4,4,1,105,196560.00
La Romana,La Romana,Central Romana,Apartamento,2,1,1,121,187550.00
San Pedro de Macorís,Juan Dolio,Playa Juan Dolio,Apartamento,2,4,1,226,284986.00
La Altagracia,Punta Cana,Cocotal,Townhouse,2,1,1,173,210714.00
Puerto Plata,Puerto Plata,Costámbar,Apartamento,3,1,1,117,140634.00
Puerto Plata,Puerto Plata,Cabarete,Apartamento,1,4,1,82,116522.00
Santiago,Santiago de los Caballeros,Villa Olga,Casa,4,2,2,729,789507.00
San Pedro de Macorís,Juan Dolio,Playa Juan Dolio,Apartamento,4,1,2,135,272295.00
La Romana,La Romana,Central Romana,Apartamento,3,4,2,198,399762.00
Samaná,Las Terrenas,Pueblo de los Pescadores,Casa,4,3,2,682,752928.00
Santo Domingo,Santo Domingo Este,Coral Mall,Apartamento,4,3,2,141,182454.00
La Romana,La Romana,Central Romana,Apartamento,1,1,2,69,145452.00
Santo Domingo,Santo Domingo Oeste,Villa Aura,Apartamento,2,1,2,101,130492.00
Santo Domingo,Santo Domingo Norte,Sabana Perdida,Townhouse,3,3,2,259,379176.00
Puerto Plata,Puerto Plata,Sosúa,Apartamento,3,4,1,174,372012.00
Santo Domingo,Santo Domingo Este,Alma Rosa,Apartamento,2,1,2,185,266585.00
Distrito Nacional,Santo Domingo,Naco,Apartamento,1,4,1,159,520248.00
La Altagracia,Punta Cana,Cap Cana,Apartamento,2,1,2,106,246026.00
Puerto Plata,Puerto Plata,Sosúa,Villa,4,2,3,719,1095756.00
Santiago,Santiago de los Caballeros,Gurabo,Apartamento,1,3,1,112,232400.00
Santo Domingo,Santo Domingo Norte,Colinas del Arroyo,Apartamento,3,3,1,137,268794.00
Santo Domingo,Santo Domingo Oeste,Herrera,Casa,5,3,4,337,386539.00
La Altagracia,Punta Cana,Punta Cana Village,Casa,5,2,4,368,555680.00
La Romana,La Romana,Casa de Campo,Apartamento,3,4,2,95,193895.00
Santo Domingo,Santo Domingo Norte,Avenida Jacobo Majluta,Apartamento,1,1,2,109,178106.00
La Altagracia,Punta Cana,Punta Cana Village,Casa,4,6,3,505,670640.00
Santo Domingo,Santo Domingo Este,Coral Mall,Apartamento,1,2,1,247,509561.00
Samaná,Las Terrenas,Cosón,Apartamento,3,1,2,228,393528.00
La Altagracia,Punta Cana,Cocotal,Apartamento,2,3,1,193,281780.00
Santo Domingo,Santo Domingo Este,San Isidro,Apartamento,2,3,1,157,301440.00
La Romana,La Romana,Casa de Campo,Casa,4,3,4,661,1273086.00
Puerto Plata,Puerto Plata,Torre Alta,Casa,4,2,3,411,944067.00
Santiago,Santiago de los Caballeros,Gurabo,Apartamento,2,3,1,216,313416.00
Santo Domingo,Santo Domingo Norte,Colinas del Arroyo,Casa,4,2,3,431,529268.00
Santo Domingo,Santo Domingo Oeste,Manoguayabo,Apartamento,1,1,1,216,374544.00
Santiago,Santiago de los Caballeros,Los Colegios,Casa,5,3,4,211,247292.00
Santiago,Santiago de los Caballeros,La Trinitaria,Villa,5,2,4,495,1341450.00
Puerto Plata,Puerto Plata,Costámbar,Apartamento,1,1,2,218,268794.00
La Altagracia,Punta Cana,El Cortecito,Townhouse,1,3,1,129,272577.00
La Altagracia,Punta Cana,Cap Cana,Apartamento,1,2,2,59,160480.00
Santiago,Santiago de los Caballeros,Cerro Alto,Apartamento,3,1,1,180,263880.00
Puerto Plata,Puerto Plata,Sosúa,Apartamento,1,1,1,131,246935.00
La Altagracia,Punta Cana,Cocotal,Casa,4,2,4,358,481510.00
San Pedro de Macorís,Juan Dolio,Guavaberry,Apartamento,4,4,1,248,357864.00
Samaná,Las Terrenas,Cosón,Casa,6,2,4,436,453440.00
Santo Domingo,Santo Domingo Este,Lucerna,Villa,4,6,4,196,415912.00
Santo Domingo,Santo Domingo Oeste,Villa Aura,Casa,4,4,2,567,974673.00
Santo Domingo,Santo Domingo Norte,Avenida Jacobo Majluta,Casa,4,3,3,709,1384677.00
Samaná,Las Terrenas,Playa Bonita,Townhouse,3,2,2,144,188496.00
La Romana,La Romana,Buena Vista,Apartamento,3,1,2,248,456568.00
Santiago,Santiago de los Caballeros,Cerro Alto,Casa,4,5,4,316,627260.00
La Altagracia,Punta Cana,Punta Cana Village,Casa,5,3,3,202,410464.00
La Altagracia,Punta Cana,Cap Cana,Townhouse,3,3,2,211,364819.00
Santo Domingo,Santo Domingo Oeste,Manoguayabo,Villa,6,4,3,394,594940.00
Samaná,Las Terrenas,Playa Bonita,Villa,6,5,3,225,310275.00
San Pedro de Macorís,Juan Dolio,Metro Country Club,Villa,4,2,2,528,745008.00
Santo Domingo,Santo Domingo Norte,Sabana Perdida,Casa,5,4,4,591,1309065.00
Puerto Plata,Puerto Plata,Playa Dorada,Townhouse,4,4,2,166,188078.00
Puerto Plata,Puerto Plata,Sosúa,Apartamento,1,4,1,71,116014.00
Samaná,Las Terrenas,Cosón,Penthouse,3,3,2,488,992104.00
San Pedro de Macorís,Juan Dolio,Metro Country Club,Apartamento,4,3,2,160,282720.00
Distrito Nacional,Santo Domingo,La Julia,Casa,6,2,4,278,455086.00
San Pedro de Macorís,Juan Dolio,Playa Juan Dolio,Casa,4,3,3,392,628376.00
Samaná,Las Terrenas,Pueblo de los Pescadores,Townhouse,3,1,2,132,149688.00
La Altagracia,Punta Cana,El Cortecito,Apartamento,2,4,2,129,153897.00
Santo Domingo,Santo Domingo Norte,Colinas del Arroyo,Penthouse,5,4,2,461,1198139.00
Samaná,Las Terrenas,Playa Bonita,Villa,6,2,3,214,238824.00
La Altagracia,Punta Cana,Bávaro,Townhouse,2,3,2,159,231027.00
Puerto Plata,Puerto Plata,Costámbar,Apartamento,1,4,1,182,307216.00
Samaná,Las Terrenas,Playa Bonita,Apartamento,4,1,2,100,176100.00
La Romana,La Romana,Buena Vista,Casa,3,2,2,324,566676.00
La Romana,La Romana,Central Romana,Apartamento,3,1,1,50,85100.00
La Romana,La Romana,Buena Vista,Casa,6,5,3,716,1159920.00
San Pedro de Macorís,Juan Dolio,Metro Country Club,Villa,6,4,3,330,315150.00
Santo Domingo,Santo Domingo Oeste,Manoguayabo,Casa,5,4,2,444,743700.00
La Romana,La Romana,Central Romana,Apartamento,2,2,1,187,233189.00
Santo Domingo,Santo Domingo Norte,Avenida Jacobo Majluta,Casa,6,5,2,668,632596.00
San Pedro de Macorís,Juan Dolio,Metro Country Club,Villa,6,4,3,545,977730.00
San Pedro de Macorís,Juan Dolio,Guavaberry,Casa,6,3,3,430,710790.00
San Pedro de Macorís,Juan Dolio,Playa Juan Dolio,Apartamento,1,4,2,117,247455.00
La Altagracia,Punta Cana,Cocotal,Casa,5,3,3,694,1064596.00
Santo Domingo,Santo Domingo Norte,Colinas del Arroyo,Villa,6,5,3,208,278928.00
San Pedro de Macorís,Juan Dolio,Guavaberry,Apartamento,4,3,1,117,164619.00
Distrito Nacional,Santo Domingo,El Millón,Apartamento,3,1,2,202,406222.00
La Altagracia,Punta Cana,Cap Cana,Casa,3,4,3,392,1326920.00
Santo Domingo,Santo Domingo Oeste,Herrera,Apartamento,1,1,1,196,326928.00
Distrito Nacional,Santo Domingo,Renacimiento,Apartamento,3,2,1,240,406560.00
Santiago,Santiago de los Caballeros,Villa María,Casa,5,5,3,431,668050.00
Santo Domingo,Santo Domingo Norte,Avenida Jacobo Majluta,Villa,4,5,3,212,454104.00
Distrito Nacional,Santo Domingo,Piantini,Casa,3,6,4,260,400140.00
Distrito Nacional,Santo Domingo,Evaristo Morales,Villa,5,5,2,260,540280.00
Samaná,Las Terrenas,Pueblo de los Pescadores,Apartamento,4,3,1,72,94176.00
La Altagracia,Punta Cana,Cocotal,Casa,6,4,3,616,619696.00
Santiago,Santiago de los Caballeros,Los Colegios,Apartamento,4,1,2,180,377460.00
Distrito Nacional,Santo Domingo,Gazcue,Apartamento,4,4,2,190,266190.00
Samaná,Las Terrenas,Playa Bonita,Apartamento,2,3,2,137,255779.00
Distrito Nacional,Santo Domingo,Sarasota,Apartamento,1,3,1,229,360904.00
Santo Domingo,Santo Domingo Oeste,Herrera,Apartamento,2,4,2,123,139605.00
La Altagracia,Punta Cana,Punta Cana Village,Villa,4,6,4,612,738684.00
Santo Domingo,Santo Domingo Norte,Villa Mella,Casa,5,2,2,270,523530.00
Puerto Plata,Puerto Plata,Torre Alta,Casa,6,4,3,429,551694.00
La Romana,La Romana,Central Romana,Villa,5,5,4,692,1069140.00
Santo Domingo,Santo Domingo Norte,Colinas del Arroyo,Apartamento,3,2,1,98,173460.00
Samaná,Las Terrenas,Cosón,Casa,3,3,4,411,773913.00
San Pedro de Macorís,Juan Dolio,Playa Juan Dolio,Casa,5,2,4,596,1011412.00
Santiago,Santiago de los Caballeros,Villa Olga,Apartamento,1,2,1,102,188700.00
Santo Domingo,Santo Domingo Este,Las Américas,Apartamento,1,2,2,181,337565.00
Santo Domingo,Santo Domingo Oeste,Villa Aura,Penthouse,4,4,4,260,575900.00
Santo Domingo,Santo Domingo Oeste,Villa Aura,Apartamento,1,4,2,137,166866.00
Samaná,Las Terrenas,Pueblo de los Pescadores,Apartamento,1,2,2,134,246426.00
La Romana,La Romana,Casa de Campo,Apartamento,3,2,1,187,440572.00
Santo Domingo,Santo Domingo Este,Las Américas,Casa,3,6,4,222,213786.00
Santo Domingo,Santo Domingo Oeste,Herrera,Villa,6,3,3,310,709900.00
Samaná,Las Terrenas,Playa Bonita,Apartamento,2,1,2,197,403456.00
Santo Domingo,Santo Domingo Oeste,Herrera,Villa,3,3,2,707,1055551.00
Santo Domingo,Santo Domingo Norte,Sabana Perdida,Penthouse,4,3,2,371,861462.00
Santo Domingo,Santo Domingo Este,Ensanche Ozama,Casa,5,4,3,380,364800.00
Santo Domingo,Santo Domingo Este,Coral Mall,Casa,4,2,3,483,420693.00
San Pedro de Macorís,Juan Dolio,Guavaberry,Apartamento,1,1,2,142,244240.00
La Altagracia,Punta Cana,Punta Cana Village,Apartamento,4,2,2,133,228893.00
Santo Domingo,Santo Domingo Este,Autopista San Isidro,Apartamento,2,1,1,154,253484.00
La Altagracia,Punta Cana,Cap Cana,Casa,5,2,4,285,395580.00
Puerto Plata,Puerto Plata,Sosúa,Penthouse,5,4,4,414,1143054.00
Santo Domingo,Santo Domingo Este,Alma Rosa,Casa,4,3,4,436,490064.00
Santo Domingo,Santo Domingo Este,San Isidro,Apartamento,4,2,1,225,285975.00
San Pedro de Macorís,Juan Dolio,Guavaberry,Penthouse,4,3,4,415,1147890.00
Samaná,Las Terrenas,Cosón,Townhouse,1,2,2,177,225852.00
Distrito Nacional,Santo Domingo,Piantini,Apartamento,2,2,2,176,372240.00
Santo Domingo,Santo Domingo Norte,Sabana Perdida,Casa,4,3,2,211,199395.00
San Pedro de Macorís,Juan Dolio,Guavaberry,Apartamento,4,2,2,256,381696.00
La Romana,La Romana,Buena Vista,Penthouse,3,5,3,265,557560.00
La Altagracia,Punta Cana,Cap Cana,Penthouse,3,4,4,482,2102966.00
Distrito Nacional,Santo Domingo,Bella Vista,Penthouse,5,4,2,414,657846.00
Santiago,Santiago de los Caballeros,Gurabo,Casa,4,4,2,608,963072.00
Santiago,Santiago de los Caballeros,Villa Olga,Casa,6,6,3,222,451992.00
Distrito Nacional,Santo Domingo,Gazcue,Villa,5,5,3,445,564260.00
Distrito Nacional,Santo Domingo,Naco,Penthouse,4,5,3,440,1210440.00
Santo Domingo,Santo Domingo Oeste,Manoguayabo,Apartamento,4,4,2,158,250588.00
Santo Domingo,Santo Domingo Este,Ensanche Ozama,Apartamento,1,4,1,85,97495.00
Santo Domingo,Santo Domingo Este,Alma Rosa,Apartamento,2,4,1,121,252527.00
Samaná,Las Terrenas,Cosón,Apartamento,4,1,1,104,222768.00
Distrito Nacional,Santo Domingo,Evaristo Morales,Apartamento,3,3,1,193,278885.00
Samaná,Las Terrenas,Cosón,Apartamento,1,3,2,257,307629.00
La Altagracia,Punta Cana,Cap Cana,Apartamento,2,2,2,73,219146.00
San Pedro de Macorís,Juan Dolio,Metro Country Club,Apartamento,3,2,1,218,415508.00
San Pedro de Macorís,Juan Dolio,Metro Country Club,Villa,5,6,4,,1264869.00
Puerto Plata,Puerto Plata,Costámbar,Apartamento,2,2,2,248,367040.00
Santo Domingo,Santo Domingo Norte,Avenida Jacobo Majluta,Apartamento,1,1,1,89,142578.00
La Altagracia,Punta Cana,Cap Cana,Casa,5,5,4,485,1687315.00
Puerto Plata,Puerto Plata,Torre Alta,Penthouse,5,4,4,229,629750.00
Puerto Plata,Puerto Plata,Costámbar,Apartamento,2,4,2,237,396738.00
Samaná,Las Terrenas,Cosón,Villa,6,4,2,261,345303.00
La Altagracia,Punta Cana,White Sands,Casa,6,4,3,517,1074326.00
Santo Domingo,Santo Domingo Norte,Sabana Perdida,Casa,6,4,2,245,562275.00
Santiago,Santiago de los Caballeros,La Barranquita,Apartamento,2,4,2,132,177672.00
Santo Domingo,Santo Domingo Este,Autopista San Isidro,Apartamento,4,4,2,135,210330.00
Santiago,Santiago de los Caballeros,La Barranquita,Apartamento,3,1,2,249,496008.00
Santiago,Santiago de los Caballeros,El Dorado II,Apartamento,4,4,1,234,261144.00
Distrito Nacional,Santo Domingo,Mirador Sur,Townhouse,3,2,1,78,149058.00
Santo Domingo,Santo Domingo Oeste,Herrera,Casa,5,6,3,338,406614.00
Santiago,Santiago de los Caballeros,Cerro Alto,Casa,5,6,4,400,590000.00
Samaná,Las Terrenas,Playa Bonita,Apartamento,4,1,2,161,193200.00
Santo Domingo,Santo Domingo Este,Autopista San Isidro,Apartamento,1,3,1,253,383801.00
Santo Domingo,Santo Domingo Oeste,Villa Aura,Apartamento,1,3,1,162,258390.00
La Altagracia,Punta Cana,Cocotal,Apartamento,4,1,2,133,217322.00
Santiago,Santiago de los Caballeros,La Barranquita,Villa,5,3,4,337,557398.00
Distrito Nacional,Santo Domingo,Mirador Sur,Villa,6,4,4,592,1270432.00
Santo Domingo,Santo Domingo Norte,Sabana Perdida,Casa,5,3,3,486,1034208.00
Samaná,Las Terrenas,Playa Bonita,Casa,4,6,3,598,1052480.00
Santo Domingo,Santo Domingo Norte,Colinas del Arroyo,Apartamento,2,1,2,132,203940.00
La Romana,La Romana,Casa de Campo,Villa,6,5,3,507,1550913.00
Santo Domingo,Santo Domingo Norte,Villa Mella,Penthouse,4,3,3,353,686585.00
Samaná,Las Terrenas,Cosón,Apartamento,3,3,2,50,100650.00
La Romana,La Romana,Central Romana,Apartamento,1,4,2,71,92584.00
Samaná,Las Terrenas,Pueblo de los Pescadores,Casa,6,4,3,250,290750.00
Samaná,Las Terrenas,Pueblo de los Pescadores,Apartamento,3,1,2,204,293352.00
La Altagracia,Punta Cana,Cap Cana,Apartamento,4,3,1,183,453840.00
La Romana,La Romana,Central Romana,Apartamento,4,3,2,163,324207.00
La Altagracia,Punta Cana,El Cortecito,Apartamento,1,4,1,142,250914.00
Santiago,Santiago de los Caballeros,Los Colegios,Apartamento,2,3,1,246,488064.00
La Romana,La Romana,Buena Vista,Apartamento,1,3,2,254,370078.00
Santo Domingo,Santo Domingo Norte,Villa Mella,Villa,5,6,2,678,1138362.00
Santo Domingo,Santo Domingo Oeste,Villa Aura,Villa,5,3,3,654,1180470.00
Santo Domingo,Santo Domingo Este,Alma Rosa,Apartamento,1,1,2,214,345824.00
San Pedro de Macorís,Juan Dolio,Guavaberry,Villa,5,6,3,426,940608.00
Santo Domingo,Santo Domingo Este,Autopista San Isidro,Villa,5,6,3,316,380464.00
La Altagracia,Punta Cana,Punta Cana Village,Apartamento,3,4,2,76,118332.00
La Altagracia,Punta Cana,Punta Cana Village,Apartamento,4,3,1,150,265950.00
La Altagracia,Punta Cana,El Cortecito,Casa,5,3,2,328,638944.00
La Altagracia,Punta Cana,Punta Cana Village,Apartamento,1,3,2,241,413797.00
San Pedro de Macorís,Juan Dolio,Guavaberry,Penthouse,3,5,3,426,677340.00
Santo Domingo,Santo Domingo Norte,Colinas del Arroyo,Apartamento,1,2,2,92,146096.00
Santo Domingo,Santo Domingo Oeste,Villa Aura,Apartamento,3,1,2,76,122740.00
Puerto Plata,Puerto Plata,Playa Dorada,Townhouse,4,1,2,236,497724.00
Samaná,Las Terrenas,Cosón,Apartamento,2,3,1,192,348480.00
La Altagracia,Punta Cana,Cocotal,Apartamento,1,2,2,122,227286.00
Puerto Plata,Puerto Plata,Sosúa,Casa,3,3,4,577,609312.00
Distrito Nacional,Santo Domingo,Naco,Apartamento,1,1,1,162,294192.00
Puerto Plata,Puerto Plata,Torre Alta,Apartamento,3,1,2,189,375165.00
Samaná,Las Terrenas,Playa Bonita,Penthouse,4,4,4,270,624780.00
Santo Domingo,Santo Domingo Norte,Villa Mella,Apartamento,3,2,2,163,313286.00
Santo Domingo,Santo Domingo Oeste,Villa Aura,Townhouse,4,4,1,144,263376.00
La Romana,La Romana,Central Romana,Apartamento,4,1,2,82,112504.00
La Romana,La Romana,Central Romana,Casa,3,3,2,533,569244.00
Santo Domingo,Santo Domingo Oeste,Herrera,Casa,4,2,4,659,977956.00
Santo Domingo,Santo Domingo Norte,Sabana Perdida,Apartamento,2,4,2,222,346320.00
La Altagracia,Punta Cana,El Cortecito,Apartamento,4,4,1,227,374096.00
La Romana,La Romana,Casa de Campo,Casa,3,2,3,413,1020936.00
Puerto Plata,Puerto Plata,Costámbar,Apartamento,2,4,1,181,263536.00
La Altagracia,Punta Cana,Cap Cana,Penthouse,5,4,2,461,1936200.00
Santiago,Santiago de los Caballeros,El Dorado II,Casa,6,5,4,286,294866.00
Santo Domingo,Santo Domingo Norte,Avenida Jacobo Majluta,Townhouse,2,1,2,210,302400.00
La Altagracia,Punta Cana,Cap Cana,Villa,3,2,4,680,2280720.00
La Romana,La Romana,Central Romana,Villa,4,4,4,493,816901.00
La Altagracia,Punta Cana,El Cortecito,Townhouse,3,4,2,229,352431.00
Santo Domingo,Santo Domingo Norte,Colinas del Arroyo,Apartamento,3,3,2,69,91356.00
La Romana,La Romana,Casa de Campo,Apartamento,3,1,1,147,460404.00
Santo Domingo,Santo Domingo Oeste,Herrera,Apartamento,2,1,1,191,249255.00
Samaná,Las Terrenas,Playa Bonita,Apartamento,4,3,1,187,312664.00
San Pedro de Macorís,Juan Dolio,Metro Country Club,Casa,4,3,2,256,354304.00
La Romana,La Romana,Casa de Campo,Casa,5,4,2,279,465651.00
Santo Domingo,Santo Domingo Norte,Sabana Perdida,Casa,4,5,2,380,324140.00
La Romana,La Romana,Buena Vista,Villa,6,4,3,674,636256.00
Samaná,Las Terrenas,Playa Bonita,Townhouse,4,4,1,189,299565.00
San Pedro de Macorís,Juan Dolio,Guavaberry,Casa,5,2,3,611,1337479.00
San Pedro de Macorís,Juan Dolio,Playa Juan Dolio,Villa,6,3,2,690,794190.00
Distrito Nacional,Santo Domingo,Gazcue,Apartamento,4,1,2,76,161576.00
Puerto Plata,Puerto Plata,Playa Dorada,Casa,4,3,3,484,1059960.00
La Altagracia,Punta Cana,El Cortecito,Casa,6,5,3,291,598005.00
Samaná,Las Terrenas,Playa Bonita,Apartamento,3,2,1,,240188.00
Distrito Nacional,Santo Domingo,Mirador Sur,Apartamento,4,1,1,126,172242.00
La Altagracia,Punta Cana,White Sands,Townhouse,4,1,1,191,237031.00
La Altagracia,Punta Cana,Cocotal,Apartamento,2,4,1,198,376398.00
San Pedro de Macorís,Juan Dolio,Metro Country Club,Apartamento,2,1,2,113,139781.00
Samaná,Las Terrenas,Playa Bonita,Apartamento,4,2,2,93,178746.00
Distrito Nacional,Santo Domingo,Bella Vista,Casa,6,6,4,205,405285.00
La Romana,La Romana,Buena Vista,Apartamento,3,1,1,204,321096.00
Santo Domingo,Santo Domingo Oeste,Villa Aura,Apartamento,3,2,1,51,98736.00
La Altagracia,Punta Cana,El Cortecito,Casa,5,2,3,498,767916.00
Santiago,Santiago de los Caballeros,La Barranquita,Apartamento,3,1,1,91,115206.00
Santiago,Santiago de los Caballeros,Gurabo,Penthouse,3,3,4,345,651015.00
Santo Domingo,Santo Domingo Este,Las Américas,Apartamento,4,1,1,136,275944.00
Santo Domingo,Santo Domingo Este,San Isidro,Penthouse,3,4,4,233,441069.00
Distrito Nacional,Santo Domingo,La Julia,Apartamento,4,1,2,68,92820.00
Santiago,Santiago de los Caballeros,La Barranquita,Casa,3,5,3,733,970492.00
La Romana,La Romana,Central Romana,Apartamento,2,4,2,193,314590.00
Santo Domingo,Santo Domingo Este,Autopista San Isidro,Apartamento,4,4,2,220,438240.00
Distrito Nacional,Santo Domingo,Piantini,Apartamento,2,3,2,217,683116.00
Santo Domingo,Santo Domingo Oeste,Herrera,Apartamento,4,2,1,108,168696.00
Santo Domingo,Santo Domingo Norte,Colinas del Arroyo,Apartamento,4,4,2,243,515889.00
Santiago,Santiago de los Caballeros,Villa María,Casa,3,4,4,467,906914.00
Distrito Nacional,Santo Domingo,Mirador Sur,Apartamento,4,2,1,188,242332.00
La Altagracia,Punta Cana,El Cortecito,Casa,5,4,2,675,644625.00
San Pedro de Macorís,Juan Dolio,Playa Juan Dolio,Apartamento,3,3,2,155,207700.00
Santo Domingo,Santo Domingo Este,Alma Rosa,Casa,6,5,3,640,1018240.00
Santiago,Santiago de los Caballeros,Villa María,Apartamento,4,2,2,88,126720.00
Puerto Plata,Puerto Plata,Playa Dorada,Casa,5,4,4,205,259530.00
Samaná,Las Terrenas,Playa Bonita,Apartamento,3,4,2,239,466767.00
Distrito Nacional,Santo Domingo,Renacimiento,Apartamento,2,4,1,105,143850.00
Puerto Plata,Puerto Plata,Playa Dorada,Apartamento,4,4,2,162,302454.00
San Pedro de Macorís,Juan Dolio,Metro Country Club,Apartamento,2,4,1,146,227176.00
San Pedro de Macorís,Juan Dolio,Guavaberry,Apartamento,4,1,1,64,127744.00
Santo Domingo,Santo Domingo Oeste,Villa Aura,Casa,6,3,2,213,358479.00
La Romana,La Romana,Central Romana,Penthouse,4,3,2,338,640172.00
Santo Domingo,Santo Domingo Oeste,Herrera,Apartamento,2,2,2,121,226996.00
Distrito Nacional,Santo Domingo,Renacimiento,Villa,3,5,4,444,1020756.00
Santo Domingo,Santo Domingo Oeste,Herrera,Apartamento,3,2,1,137,273452.00
La Romana,La Romana,Buena Vista,Apartamento,2,3,1,84,179340.00
La Altagracia,Punta Cana,Cap Cana,Apartamento,1,1,2,117,293553.00
La Romana,La Romana,Central Romana,Apartamento,4,3,1,77,103026.00
Samaná,Las Terrenas,Pueblo de los Pescadores,Apartamento,1,3,1,142,257872.00
Santiago,Santiago de los Caballeros,Cerro Alto,Apartamento,1,3,1,163,316220.00
Santiago,Santiago de los Caballeros,Cerro Alto,Apartamento,1,4,2,190,382660.00
La Romana,La Romana,Buena Vista,Casa,4,2,2,313,374035.00
Santo Domingo,Santo Domingo Este,Ensanche Ozama,Villa,6,2,2,513,1024461.00
Puerto Plata,Puerto Plata,Torre Alta,Penthouse,5,5,4,287,747635.00
San Pedro de Macorís,Juan Dolio,Playa Juan Dolio,Apartamento,4,2,2,101,126856.00
Santiago,Santiago de los Caballeros,Cerro Alto,Villa,5,5,2,295,536900.00
Samaná,Las Terrenas,Cosón,Apartamento,1,4,1,110,164780.00
Santo Domingo,Santo Domingo Norte,Villa Mella,Apartamento,1,3,1,229,271136.00
Santo Domingo,Santo Domingo Norte,Sabana Perdida,Apartamento,1,2,1,87,124062.00
Distrito Nacional,Santo Domingo,Naco,Apartamento,4,3,2,143,366938.00
Santo Domingo,Santo Domingo Este,San Isidro,Casa,6,6,2,249,239787.00
Santiago,Santiago de los Caballeros,La Barranquita,Apartamento,4,3,1,249,323700.00
La Altagracia,Punta Cana,Cap Cana,Apartamento,4,3,2,93,173538.00
Santo Domingo,Santo Domingo Oeste,Manoguayabo,Casa,5,4,4,735,908460.00
Santo Domingo,Santo Domingo Oeste,Herrera,Apartamento,3,4,1,110,169620.00
Puerto Plata,Puerto Plata,Playa Dorada,Apartamento,1,4,1,253,323840.00
Santiago,Santiago de los Caballeros,Villa María,Apartamento,2,2,1,152,318288.00
Santo Domingo,Santo Domingo Este,Coral Mall,Apartamento,3,1,2,51,66045.00
La Altagracia,Punta Cana,Bávaro,Apartamento,4,4,2,221,302770.00
Distrito Nacional,Santo Domingo,Mirador Sur,Casa,3,6,2,227,248338.00
La Romana,La Romana,Casa de Campo,Apartamento,3,2,1,108,235116.00
Samaná,Las Terrenas,Cosón,Villa,5,6,4,382,697532.00
Samaná,Las Terrenas,Cosón,Apartamento,1,3,2,132,178860.00
Santo Domingo,Santo Domingo Este,San Isidro,Villa,6,2,3,348,309372.00
San Pedro de Macorís,Juan Dolio,Guavaberry,Villa,6,4,4,293,434812.00
Santo Domingo,Santo Domingo Norte,Colinas del Arroyo,Apartamento,4,2,2,90,170010.00
Santo Domingo,Santo Domingo Norte,Colinas del Arroyo,Apartamento,2,1,1,126,259812.00
San Pedro de Macorís,Juan Dolio,Metro Country Club,Apartamento,4,4,2,93,151404.00
Santiago,Santiago de los Caballeros,La Trinitaria,Apartamento,2,3,2,209,662948.00
La Romana,La Romana,Buena Vista,Casa,6,4,3,292,449972.00
Puerto Plata,Puerto Plata,Costámbar,Casa,3,3,4,228,299364.00
Santiago,Santiago de los Caballeros,Gurabo,Apartamento,2,3,2,198,387486.00
Distrito Nacional,Santo Domingo,Piantini,Apartamento,3,1,1,157,443996.00
San Pedro de Macorís,Juan Dolio,Metro Country Club,Apartamento,2,3,1,153,287946.00
Santo Domingo,Santo Domingo Norte,Avenida Jacobo Majluta,Apartamento,2,1,1,155,243660.00
Distrito Nacional,Santo Domingo,Mirador Sur,Apartamento,3,1,1,223,396940.00
Santo Domingo,Santo Domingo Norte,Sabana Perdida,Casa,3,5,2,366,607926.00
Santiago,Santiago de los Caballeros,El Dorado II,Casa,5,5,4,193,168489.00
Santo Domingo,Santo Domingo Este,Las Américas,Casa,4,3,3,720,1013760.00
San Pedro de Macorís,Juan Dolio,Guavaberry,Casa,4,4,4,607,1366357.00
Puerto Plata,Puerto Plata,Torre Alta,Apartamento,1,3,1,202,230280.00
Santo Domingo,Santo Domingo Norte,Avenida Jacobo Majluta,Apartamento,2,3,2,236,373588.00
Puerto Plata,Puerto Plata,Costámbar,Casa,4,3,4,196,397096.00
Distrito Nacional,Santo Domingo,Piantini,Apartamento,4,4,1,215,578995.00
Santiago,Santiago de los Caballeros,Cerro Alto,Apartamento,4,2,2,131,213792.00
Distrito Nacional,Santo Domingo,Gazcue,Casa,4,2,3,684,1419984.00
Santo Domingo,Santo Domingo Norte,Villa Mella,Apartamento,4,3,2,196,305760.00
Samaná,Las Terrenas,Playa Bonita,Apartamento,2,4,1,120,210480.00
Santo Domingo,Santo Domingo Oeste,Prolongación 27,Apartamento,3,2,2,192,298560.00
La Altagracia,Punta Cana,El Cortecito,Casa,3,3,2,200,367000.00
Santo Domingo,Santo Domingo Oeste,Villa Aura,Apartamento,2,1,1,108,212328.00
Santiago,Santiago de los Caballeros,El Dorado II,Villa,4,4,3,439,392466.00
Samaná,Las Terrenas,Pueblo de los Pescadores,Apartamento,4,2,1,111,174381.00
La Altagracia,Punta Cana,Bávaro,Apartamento,1,4,1,82,131938.00
Santo Domingo,Santo Domingo Norte,Colinas del Arroyo,Casa,3,5,4,271,433058.00
La Altagracia,Punta Cana,Punta Cana Village,Apartamento,4,1,2,212,255884.00
Santiago,Santiago de los Caballeros,Cerro Alto,Casa,5,4,3,492,489540.00
Santo Domingo,Santo Domingo Este,Las Américas,Apartamento,3,3,1,83,145748.00
Santo Domingo,Santo Domingo Oeste,Herrera,Penthouse,5,3,4,266,534660.00
La Altagracia,Punta Cana,Bávaro,Apartamento,2,3,2,245,303800.00
Samaná,Las Terrenas,Pueblo de los Pescadores,Villa,3,4,4,689,1028677.00
La Altagracia,Punta Cana,El Cortecito,Penthouse,4,4,2,308,786632.00
Santo Domingo,Santo Domingo Norte,Colinas del Arroyo,Apartamento,1,4,1,240,465600.00
Santo Domingo,Santo Domingo Norte,Villa Mella,Apartamento,3,4,1,130,177970.00
Distrito Nacional,Santo Domingo,Piantini,Apartamento,1,3,1,124,271932.00
Distrito Nacional,Santo Domingo,La Julia,Apartamento,4,3,2,202,406424.00
San Pedro de Macorís,Juan Dolio,Metro Country Club,Apartamento,2,4,1,179,212294.00
Samaná,Las Terrenas,Playa Bonita,Casa,3,4,3,278,264656.00
Santo Domingo,Santo Domingo Oeste,Prolongación 27,Apartamento,1,2,1,121,229900.00
Santo Domingo,Santo Domingo Este,San Isidro,Penthouse,5,5,2,428,1087120.00
San Pedro de Macorís,Juan Dolio,Playa Juan Dolio,Apartamento,3,1,2,157,187301.00
La Altagracia,Punta Cana,White Sands,Casa,6,4,3,750,1461000.00
Santo Domingo,Santo Domingo Norte,Sabana Perdida,Apartamento,1,1,2,89,186811.00
Santo Domingo,Santo Domingo Norte,Villa Mella,Apartamento,1,3,2,89,133055.00
San Pedro de Macorís,Juan Dolio,Metro Country Club,Apartamento,3,1,2,182,283374.00
Distrito Nacional,Santo Domingo,Sarasota,Casa,6,6,3,712,1477400.00
Samaná,Las Terrenas,Pueblo de los Pescadores,Townhouse,3,1,2,138,231978.00
Samaná,Las Terrenas,Pueblo de los Pescadores,Casa,6,2,3,576,1056384.00
Santiago,Santiago de los Caballeros,Gurabo,Penthouse,4,5,4,433,1047860.00
La Altagracia,Punta Cana,Bávaro,Villa,5,5,2,266,457520.00
Santiago,Santiago de los Caballeros,Villa María,Apartamento,3,3,2,103,177263.00
Santo Domingo,Santo Domingo Oeste,Herrera,Apartamento,4,2,1,54,62964.00
Santo Domingo,Santo Domingo Norte,Colinas del Arroyo,Apartamento,3,4,2,244,375272.00
Santo Domingo,Santo Domingo Oeste,Manoguayabo,Apartamento,4,2,1,223,336507.00
Santo Domingo,Santo Domingo Este,San Isidro,Apartamento,4,1,1,156,205920.00
La Altagracia,Punta Cana,Punta Cana Village,Apartamento,2,1,1,86,140782.00
Distrito Nacional,Santo Domingo,Bella Vista,Townhouse,3,3,2,56,68208.00
La Altagracia,Punta Cana,Punta Cana Village,Apartamento,1,1,1,195,412425.00
Puerto Plata,Puerto Plata,Torre Alta,Casa,6,3,3,566,593734.00
Puerto Plata,Puerto Plata,Cabarete,Casa,5,3,4,405,900720.00
Distrito Nacional,Santo Domingo,Piantini,Casa,3,4,2,500,908000.00
Samaná,Las Terrenas,Cosón,Apartamento,2,1,2,227,378863.00
Santo Domingo,Santo Domingo Este,San Isidro,Townhouse,4,3,2,155,293415.00
Santo Domingo,Santo Domingo Norte,Sabana Perdida,Apartamento,3,1,2,90,125730.00
La Altagracia,Punta Cana,Cap Cana,Apartamento,3,4,1,51,113730.00
Santo Domingo,Santo Domingo Norte,Avenida Jacobo Majluta,Casa,4,4,2,561,915552.00
San Pedro de Macorís,Juan Dolio,Guavaberry,Villa,3,3,3,260,572000.00
La Altagracia,Punta Cana,Cocotal,Apartamento,1,3,1,182,261898.00
La Romana,La Romana,Casa de Campo,Apartamento,4,4,2,61,126209.00
Santo Domingo,Santo Domingo Norte,Avenida Jacobo Majluta,Apartamento,4,3,2,174,203232.00
Samaná,Las Terrenas,Pueblo de los Pescadores,Apartamento,2,4,1,133,184471.00
San Pedro de Macorís,Juan Dolio,Guavaberry,Apartamento,3,3,2,89,100570.00
Santo Domingo,Santo Domingo Norte,Avenida Jacobo Majluta,Apartamento,3,2,2,187,356048.00
Santo Domingo,Santo Domingo Oeste,Herrera,Casa,6,3,3,258,377712.00
La Altagracia,Punta Cana,Bávaro,Casa,3,2,4,212,482088.00
Santo Domingo,Santo Domingo Norte,Sabana Perdida,Apartamento,1,3,1,204,328236.00
Samaná,Las Terrenas,Cosón,Casa,3,2,3,645,670155.00
La Romana,La Romana,Central Romana,Villa,3,2,4,308,460460.00
Puerto Plata,Puerto Plata,Playa Dorada,Casa,5,5,3,745,1653900.00
Santo Domingo,Santo Domingo Oeste,Villa Aura,Casa,3,3,3,260,370500.00
Santo Domingo,Santo Domingo Este,Ensanche Ozama,Apartamento,1,1,1,129,144351.00
La Altagracia,Punta Cana,Bávaro,Apartamento,2,2,2,212,283444.00
San Pedro de Macorís,Juan Dolio,Playa Juan Dolio,Apartamento,3,3,2,59,125552.00
La Altagracia,Punta Cana,El Cortecito,Casa,5,2,3,644,678776.00
Santiago,Santiago de los Caballeros,Villa Olga,Apartamento,1,1,1,76,124412.00
La Altagracia,Punta Cana,El Cortecito,Casa,6,3,2,648,985608.00
San Pedro de Macorís,Juan Dolio,Playa Juan Dolio,Casa,3,5,4,454,410870.00
Santo Domingo,Santo Domingo Oeste,Prolongación 27,Villa,6,4,3,717,1269807.00
Distrito Nacional,Santo Domingo,Mirador Sur,Penthouse,3,5,2,337,776785.00
Samaná,Las Terrenas,Cosón,Casa,6,4,2,184,301576.00
Distrito Nacional,Santo Domingo,Evaristo Morales,Casa,6,4,2,246,563094.00
La Romana,La Romana,Casa de Campo,Apartamento,4,2,1,225,409275.00
Santo Domingo,Santo Domingo Este,Alma Rosa,Townhouse,4,3,2,154,199122.00
Santo Domingo,Santo Domingo Norte,Colinas del Arroyo,Casa,3,5,3,201,195975.00
Santiago,Santiago de los Caballeros,Villa Olga,Casa,6,5,4,487,973513.00
Puerto Plata,Puerto Plata,Playa Dorada,Villa,5,6,3,709,703328.00
San Pedro de Macorís,Juan Dolio,Metro Country Club,Villa,4,5,2,205,196595.00
San Pedro de Macorís,Juan Dolio,Guavaberry,Casa,3,5,3,407,890923.00
San Pedro de Macorís,Juan Dolio,Guavaberry,Apartamento,3,2,1,258,303150.00
San Pedro de Macorís,Juan Dolio,Playa Juan Dolio,Casa,3,5,2,613,586028.00
Distrito Nacional,Santo Domingo,Gazcue,Apartamento,2,1,2,123,209223.00
Santo Domingo,Santo Domingo Este,Autopista San Isidro,Apartamento,4,4,2,108,170100.00
Santo Domingo,Santo Domingo Oeste,Villa Aura,Apartamento,4,3,2,91,142688.00
Samaná,Las Terrenas,Playa Bonita,Apartamento,1,2,1,142,227058.00
Distrito Nacional,Santo Domingo,Piantini,Apartamento,2,4,2,139,331515.00
Puerto Plata,Puerto Plata,Sosúa,Townhouse,4,4,1,76,154280.00
Santo Domingo,Santo Domingo Oeste,Villa Aura,Apartamento,2,3,2,233,328763.00
Santo Domingo,Santo Domingo Oeste,Villa Aura,Villa,6,4,4,429,910767.00
Santo Domingo,Santo Domingo Norte,Sabana Perdida,Apartamento,4,4,1,116,146160.00
Santo Domingo,Santo Domingo Oeste,Villa Aura,Apartamento,1,4,2,162,189216.00
Puerto Plata,Puerto Plata,Sosúa,Apartamento,1,4,1,131,268157.00
Samaná,Las Terrenas,Playa Bonita,Casa,3,5,2,527,474300.00
Puerto Plata,Puerto Plata,Playa Dorada,Apartamento,2,3,2,150,257850.00
Puerto Plata,Puerto Plata,Cabarete,Villa,6,2,2,483,1065981.00
La Altagracia,Punta Cana,Punta Cana Village,Apartamento,2,2,2,219,300030.00
San Pedro de Macorís,Juan Dolio,Playa Juan Dolio,Villa,3,6,3,587,1199828.00
Santo Domingo,Santo Domingo Norte,Colinas del Arroyo,Apartamento,1,3,1,209,304095.00
Puerto Plata,Puerto Plata,Sosúa,Casa,3,2,4,236,240720.00
La Altagracia,Punta Cana,El Cortecito,Casa,3,6,3,377,754000.00
Santiago,Santiago de los Caballeros,Los Colegios,Townhouse,1,2,1,109,120118.00
Distrito Nacional,Santo Domingo,Sarasota,Apartamento,2,3,2,196,235984.00
La Romana,La Romana,Buena Vista,Apartamento,2,2,1,65,106600.00
Santiago,Santiago de los Caballeros,El Dorado II,Apartamento,4,2,2,142,248358.00
Puerto Plata,Puerto Plata,Sosúa,Apartamento,2,1,1,85,97070.00
Puerto Plata,Puerto Plata,Cabarete,Apartamento,4,3,1,173,326451.00
Santo Domingo,Santo Domingo Este,Lucerna,Apartamento,2,1,1,98,190708.00
Santiago,Santiago de los Caballeros,El Dorado II,Apartamento,4,2,2,179,266173.00
La Altagracia,Punta Cana,White Sands,Apartamento,1,4,2,161,267260.00
Distrito Nacional,Santo Domingo,Evaristo Morales,Casa,3,6,4,413,907774.00
Santo Domingo,Santo Domingo Norte,Colinas del Arroyo,Casa,4,5,3,284,343072.00
Puerto Plata,Puerto Plata,Playa Dorada,Casa,5,6,4,508,603504.00
Santo Domingo,Santo Domingo Norte,Colinas del Arroyo,Casa,6,4,3,488,1098000.00
La Romana,La Romana,Buena Vista,Apartamento,2,4,2,179,238249.00
Santo Domingo,Santo Domingo Este,Alma Rosa,Apartamento,2,2,1,159,258693.00
Distrito Nacional,Santo Domingo,Mirador Sur,Apartamento,1,3,2,172,219128.00
La Altagracia,Punta Cana,Punta Cana Village,Apartamento,1,4,1,249,519414.00
La Romana,La Romana,Buena Vista,Penthouse,3,3,3,515,875500.00
Santo Domingo,Santo Domingo Norte,Villa Mella,Apartamento,3,4,1,169,244036.00
Santo Domingo,Santo Domingo Este,San Isidro,Casa,6,5,4,203,262479.00
Santo Domingo,Santo Domingo Norte,Avenida Jacobo Majluta,Apartamento,3,1,1,94,164876.00
La Altagracia,Punta Cana,White Sands,Apartamento,4,4,1,234,475488.00
Samaná,Las Terrenas,Playa Bonita,Apartamento,3,4,2,245,443205.00
Santo Domingo,Santo Domingo Este,Las Américas,Townhouse,2,3,2,118,150332.00
Santo Domingo,Santo Domingo Este,Alma Rosa,Apartamento,2,4,2,53,81991.00
La Romana,La Romana,Buena Vista,Casa,5,5,4,654,1132728.00
Santo Domingo,Santo Domingo Este,Alma Rosa,Casa,5,3,2,392,357504.00
Distrito Nacional,Santo Domingo,Sarasota,Casa,6,3,2,700,1597400.00
Santo Domingo,Santo Domingo Norte,Avenida Jacobo Majluta,Apartamento,2,4,1,93,123318.00
Distrito Nacional,Santo Domingo,El Millón,Apartamento,2,1,1,212,424636.00
Santo Domingo,Santo Domingo Oeste,Manoguayabo,Townhouse,3,3,1,97,107185.00
San Pedro de Macorís,Juan Dolio,Metro Country Club,Casa,6,2,4,482,545624.00
La Romana,La Romana,Buena Vista,Casa,3,5,4,344,637432.00
Samaná,Las Terrenas,Pueblo de los Pescadores,Apartamento,2,4,2,66,93786.00
Samaná,Las Terrenas,Pueblo de los Pescadores,Apartamento,3,3,1,225,256275.00
Distrito Nacional,Santo Domingo,La Julia,Villa,3,6,2,490,1107400.00
La Romana,La Romana,Buena Vista,Apartamento,2,4,1,103,123291.00
Distrito Nacional,Santo Domingo,Evaristo Morales,Apartamento,4,2,1,111,195249.00
Distrito Nacional,Santo Domingo,Bella Vista,Apartamento,2,1,1,221,365976.00
Santo Domingo,Santo Domingo Norte,Colinas del Arroyo,Casa,6,4,2,297,516780.00
Samaná,Las Terrenas,Playa Bonita,Villa,3,6,2,605,1004905.00
Santo Domingo,Santo Domingo Oeste,Herrera,Apartamento,4,4,2,236,407100.00
Distrito Nacional,Santo Domingo,Evaristo Morales,Casa,3,4,3,465,635655.00
Santo Domingo,Santo Domingo Este,Alma Rosa,Apartamento,4,4,2,198,405900.00
Distrito Nacional,Santo Domingo,Piantini,Apartamento,3,3,2,191,342081.00
Santo Domingo,Santo Domingo Este,Coral Mall,Apartamento,1,4,2,126,175392.00
Samaná,Las Terrenas,Cosón,Villa,4,6,2,312,453960.00
Santo Domingo,Santo Domingo Este,Alma Rosa,Apartamento,3,1,2,207,403857.00
Santo Domingo,Santo Domingo Este,Lucerna,Apartamento,2,1,2,91,161798.00
La Altagracia,Punta Cana,Cap Cana,Apartamento,2,2,1,133,439033.00
La Romana,La Romana,Casa de Campo,Townhouse,4,3,1,139,356535.00
Distrito Nacional,Santo Domingo,Gazcue,Apartamento,4,2,2,241,362946.00
Samaná,Las Terrenas,Cosón,Casa,3,2,2,517,607475.00
La Altagracia,Punta Cana,Punta Cana Village,Apartamento,4,2,2,164,239768.00
Puerto Plata,Puerto Plata,Sosúa,Casa,6,4,4,199,266063.00
Distrito Nacional,Santo Domingo,Gazcue,Penthouse,4,5,4,223,605222.00
San Pedro de Macorís,Juan Dolio,Metro Country Club,Villa,6,2,3,314,381196.00
Samaná,Las Terrenas,Playa Bonita,Apartamento,3,3,2,202,296940.00
Distrito Nacional,Santo Domingo,La Julia,Apartamento,3,4,2,132,265452.00
San Pedro de Macorís,Juan Dolio,Playa Juan Dolio,Apartamento,1,1,1,251,506769.00
Samaná,Las Terrenas,Pueblo de los Pescadores,Casa,5,4,3,601,686342.00
San Pedro de Macorís,Juan Dolio,Guavaberry,Apartamento,1,1,2,50,91500.00
La Romana,La Romana,Central Romana,Apartamento,1,1,2,218,314574.00
Santo Domingo,Santo Domingo Norte,Villa Mella,Apartamento,2,4,2,65,72475.00
La Romana,La Romana,Casa de Campo,Casa,6,2,2,699,2330466.00
Samaná,Las Terrenas,Pueblo de los Pescadores,Apartamento,2,1,2,121,229779.00
Santo Domingo,Santo Domingo Este,Lucerna,Casa,4,6,4,670,1361440.00
Samaná,Las Terrenas,Playa Bonita,Apartamento,3,4,1,250,387750.00
Santo Domingo,Santo Domingo Oeste,Manoguayabo,Apartamento,3,2,2,237,509076.00
Puerto Plata,Puerto Plata,Playa Dorada,Apartamento,3,2,2,151,241147.00
Distrito Nacional,Santo Domingo,Mirador Sur,Casa,3,5,2,688,1411776.00
Santiago,Santiago de los Caballeros,Los Colegios,Apartamento,3,4,2,254,440436.00
Santiago,Santiago de los Caballeros,El Dorado II,Villa,3,5,3,354,609588.00
Santo Domingo,Santo Domingo Norte,Sabana Perdida,Apartamento,3,3,1,126,255150.00
La Altagracia,Punta Cana,Cocotal,Casa,6,2,4,445,605200.00
La Altagracia,Punta Cana,Cocotal,Apartamento,2,3,1,168,332304.00
La Altagracia,Punta Cana,Cocotal,Villa,6,6,2,688,1049200.00
Puerto Plata,Puerto Plata,Playa Dorada,Casa,6,6,3,403,595231.00
Distrito Nacional,Santo Domingo,El Millón,Villa,4,2,3,280,631680.00
San Pedro de Macorís,Juan Dolio,Guavaberry,Townhouse,1,2,2,218,251136.00
Distrito Nacional,Santo Domingo,El Millón,Apartamento,2,4,1,88,131120.00
Santo Domingo,Santo Domingo Oeste,Villa Aura,Casa,4,3,3,528,589248.00
La Romana,La Romana,Buena Vista,Apartamento,1,2,1,72,99576.00
Puerto Plata,Puerto Plata,Costámbar,Casa,6,3,3,518,566174.00
Santiago,Santiago de los Caballeros,Villa Olga,Casa,3,3,2,311,420783.00
Santiago,Santiago de los Caballeros,Villa Olga,Apartamento,3,4,2,58,92626.00
La Altagracia,Punta Cana,Punta Cana Village,Apartamento,4,1,1,59,69797.00
Puerto Plata,Puerto Plata,Sosúa,Apartamento,1,2,2,129,211947.00
La Altagracia,Punta Cana,Cocotal,Casa,6,5,2,343,367010.00
La Romana,La Romana,Central Romana,Casa,3,3,3,194,331158.00
La Altagracia,Punta Cana,Bávaro,Apartamento,4,1,1,93,130758.00
La Romana,La Romana,Central Romana,Casa,3,4,3,483,690690.00
Puerto Plata,Puerto Plata,Playa Dorada,Apartamento,2,1,2,144,267408.00
La Altagracia,Punta Cana,Punta Cana Village,Apartamento,1,2,2,104,185224.00
Puerto Plata,Puerto Plata,Sosúa,Apartamento,4,3,1,109,150420.00
San Pedro de Macorís,Juan Dolio,Guavaberry,Villa,4,6,4,243,337284.00
Puerto Plata,Puerto Plata,Sosúa,Casa,4,3,3,566,1246898.00
Santo Domingo,Santo Domingo Norte,Sabana Perdida,Villa,3,3,4,368,425408.00
Distrito Nacional,Santo Domingo,Mirador Sur,Apartamento,3,1,2,76,154812.00
Samaná,Las Terrenas,Playa Bonita,Apartamento,4,1,1,137,180840.00
Santo Domingo,Santo Domingo Norte,Villa Mella,Casa,4,4,3,213,380418.00
Puerto Plata,Puerto Plata,Playa Dorada,Apartamento,2,1,2,96,120096.00
La Romana,La Romana,Central Romana,Casa,4,3,4,254,526034.00
Santo Domingo,Santo Domingo Norte,Sabana Perdida,Apartamento,2,1,1,136,212024.00
Distrito Nacional,Santo Domingo,El Millón,Casa,4,5,2,236,470820.00
Santo Domingo,Santo Domingo Norte,Avenida Jacobo Majluta,Apartamento,4,4,2,96,194784.00
Distrito Nacional,Santo Domingo,La Julia,Casa,5,5,4,734,1428364.00
San Pedro de Macorís,Juan Dolio,Metro Country Club,Villa,4,2,3,378,437724.00
Santo Domingo,Santo Domingo Norte,Villa Mella,Townhouse,2,4,1,124,201996.00
Puerto Plata,Puerto Plata,Torre Alta,Apartamento,3,2,2,175,338800.00
Distrito Nacional,Santo Domingo,Mirador Sur,Apartamento,1,4,2,162,229716.00
Santiago,Santiago de los Caballeros,Villa María,Casa,6,3,3,743,1339629.00
Santiago,Santiago de los Caballeros,Villa Olga,Apartamento,3,1,2,50,82900.00
Puerto Plata,Puerto Plata,Costámbar,Apartamento,4,1,2,72,100152.00
Samaná,Las Terrenas,Pueblo de los Pescadores,Apartamento,4,2,2,89,170524.00
La Romana,La Romana,Casa de Campo,Apartamento,2,2,2,225,434025.00
Puerto Plata,Puerto Plata,Costámbar,Casa,3,2,3,380,706420.00
Santo Domingo,Santo Domingo Este,Lucerna,Apartamento,4,1,2,149,285186.00
La Romana,La Romana,Central Romana,Casa,4,2,4,591,959784.00
Santiago,Santiago de los Caballeros,Villa Olga,Townhouse,3,1,1,169,251810.00
Santo Domingo,Santo Domingo Este,Ensanche Ozama,Apartamento,3,2,2,110,205040.00
Santiago,Santiago de los Caballeros,El Dorado II,Villa,3,2,4,267,564171.00
La Romana,La Romana,Central Romana,Casa,3,6,3,182,416416.00
Santo Domingo,Santo Domingo Este,San Isidro,Casa,6,5,2,555,665445.00
Distrito Nacional,Santo Domingo,El Millón,Apartamento,1,1,2,123,149937.00
Santiago,Santiago de los Caballeros,La Trinitaria,Casa,5,5,4,568,1564272.00
Santo Domingo,Santo Domingo Norte,Colinas del Arroyo,Apartamento,1,3,1,73,85483.00
Samaná,Las Terrenas,Playa Bonita,Casa,6,2,2,688,1367056.00
La Altagracia,Punta Cana,Bávaro,Apartamento,1,3,1,88,159456.00
Santiago,Santiago de los Caballeros,Villa Olga,Casa,4,6,2,213,216621.00
Distrito Nacional,Santo Domingo,Bella Vista,Apartamento,4,3,2,118,241074.00
La Altagracia,Punta Cana,White Sands,Casa,6,4,4,642,952086.00
Santiago,Santiago de los Caballeros,Cerro Alto,Apartamento,4,3,1,64,107264.00
Santo Domingo,Santo Domingo Este,San Isidro,Casa,5,3,3,478,444540.00
La Altagracia,Punta Cana,Bávaro,Penthouse,3,3,3,533,1050010.00
San Pedro de Macorís,Juan Dolio,Guavaberry,Apartamento,4,4,2,186,248310.00
Puerto Plata,Puerto Plata,Sosúa,Villa,5,4,3,270,482490.00
Santiago,Santiago de los Caballeros,Gurabo,Apartamento,3,4,1,120,198960.00
Samaná,Las Terrenas,Pueblo de los Pescadores,Casa,3,3,3,695,1160650.00
Santo Domingo,Santo Domingo Norte,Colinas del Arroyo,Apartamento,3,4,2,117,207909.00
Distrito Nacional,Santo Domingo,Mirador Sur,Apartamento,4,2,1,116,216340.00
Santo Domingo,Santo Domingo Oeste,Villa Aura,Casa,6,6,2,279,303552.00
Santo Domingo,Santo Domingo Este,Lucerna,Townhouse,3,1,2,155,305040.00
La Romana,La Romana,Central Romana,Apartamento,3,2,1,69,110193.00
La Altagracia,Punta Cana,Cocotal,Apartamento,2,1,2,235,353910.00
Santiago,Santiago de los Caballeros,Gurabo,Villa,3,3,2,608,846336.00
Santo Domingo,Santo Domingo Norte,Colinas del Arroyo,Apartamento,4,2,1,135,240165.00
Santiago,Santiago de los Caballeros,Cerro Alto,Villa,6,6,2,324,317844.00
Santiago,Santiago de los Caballeros,Villa Olga,Townhouse,3,3,2,128,242048.00
Distrito Nacional,Santo Domingo,Gazcue,Casa,4,5,2,673,1326483.00
Santiago,Santiago de los Caballeros,Villa Olga,Townhouse,2,1,2,160,201600.00
San Pedro de Macorís,Juan Dolio,Metro Country Club,Apartamento,1,3,2,254,354330.00
Samaná,Las Terrenas,Playa Bonita,Apartamento,4,4,2,170,302090.00
Santiago,Santiago de los Caballeros,Los Colegios,Apartamento,3,4,2,67,105994.00
Santiago,Santiago de los Caballeros,Gurabo,Casa,4,6,4,398,676998.00
Distrito Nacional,Santo Domingo,La Julia,Townhouse,4,2,2,135,166185.00
Samaná,Las Terrenas,Playa Bonita,Casa,4,6,4,207,222939.00
Santo Domingo,Santo Domingo Norte,Colinas del Arroyo,Villa,5,4,3,428,733592.00
La Altagracia,Punta Cana,El Cortecito,Casa,3,4,3,747,1249731.00
Santo Domingo,Santo Domingo Norte,Avenida Jacobo Majluta,Apartamento,2,1,2,57,111549.00
La Altagracia,Punta Cana,Cocotal,Casa,3,4,2,284,461500.00
Distrito Nacional,Santo Domingo,Bella Vista,Apartamento,4,3,1,113,136504.00
Santo Domingo,Santo Domingo Oeste,Manoguayabo,Townhouse,2,4,1,187,364089.00
Santo Domingo,Santo Domingo Norte,Colinas del Arroyo,Casa,5,5,2,244,259860.00
Santo Domingo,Santo Domingo Norte,Villa Mella,Casa,3,5,4,370,736670.00
San Pedro de Macorís,Juan Dolio,Playa Juan Dolio,Apartamento,1,4,2,69,120957.00
Santiago,Santiago de los Caballeros,Villa María,Apartamento,3,4,2,109,198816.00
Puerto Plata,Puerto Plata,Costámbar,Apartamento,3,1,1,92,134320.00
La Altagracia,Punta Cana,Cap Cana,Casa,4,6,4,733,1851558.00
Puerto Plata,Puerto Plata,Playa Dorada,Casa,5,6,3,579,1190424.00
Samaná,Las Terrenas,Pueblo de los Pescadores,Apartamento,2,2,2,164,192372.00
La Altagracia,Punta Cana,Cap Cana,Casa,3,3,4,351,1149525.00
La Romana,La Romana,Central Romana,Villa,6,2,4,351,448929.00
Santo Domingo,Santo Domingo Norte,Villa Mella,Casa,6,5,4,626,907700.00
Santo Domingo,Santo Domingo Norte,Sabana Perdida,Penthouse,5,4,4,419,744982.00
Puerto Plata,Puerto Plata,Playa Dorada,Apartamento,3,2,2,86,176042.00
Puerto Plata,Puerto Plata,Sosúa,Apartamento,2,1,2,164,256332.00
Santiago,Santiago de los Caballeros,Villa Olga,Townhouse,1,4,1,220,344520.00
Santo Domingo,Santo Domingo Oeste,Villa Aura,Apartamento,3,3,2,112,201600.00
Puerto Plata,Puerto Plata,Cabarete,Casa,4,5,3,217,209188.00
Santiago,Santiago de los Caballeros,Villa María,Casa,5,6,3,403,392522.00
Santo Domingo,Santo Domingo Norte,Sabana Perdida,Casa,4,3,4,532,940044.00
Distrito Nacional,Santo Domingo,Gazcue,Apartamento,3,1,1,134,241200.00
La Altagracia,Punta Cana,Punta Cana Village,Penthouse,5,5,4,334,896790.00
San Pedro de Macorís,Juan Dolio,Guavaberry,Apartamento,3,1,1,,323856.00
La Romana,La Romana,Casa de Campo,Apartamento,4,3,2,215,680475.00
Santo Domingo,Santo Domingo Oeste,Manoguayabo,Villa,5,5,4,190,277020.00
Santiago,Santiago de los Caballeros,Los Colegios,Apartamento,4,4,1,103,152749.00
Santo Domingo,Santo Domingo Norte,Villa Mella,Townhouse,2,3,2,140,287280.00
San Pedro de Macorís,Juan Dolio,Metro Country Club,Casa,6,3,2,448,667520.00
Samaná,Las Terrenas,Pueblo de los Pescadores,Apartamento,3,2,2,120,139800.00
San Pedro de Macorís,Juan Dolio,Guavaberry,Casa,5,3,2,267,297171.00
Distrito Nacional,Santo Domingo,Evaristo Morales,Villa,4,6,4,209,474430.00
Santo Domingo,Santo Domingo Este,Ensanche Ozama,Apartamento,4,1,2,86,133988.00
Santo Domingo,Santo Domingo Oeste,Villa Aura,Apartamento,1,3,1,59,66906.00
Santo Domingo,Santo Domingo Este,Coral Mall,Villa,4,5,3,382,579494.00
Puerto Plata,Puerto Plata,Torre Alta,Casa,6,5,2,703,1260479.00
Santo Domingo,Santo Domingo Este,Coral Mall,Penthouse,4,5,3,537,1209861.00
San Pedro de Macorís,Juan Dolio,Playa Juan Dolio,Penthouse,5,4,3,473,1039181.00
Samaná,Las Terrenas,Cosón,Apartamento,3,3,1,137,241531.00
Santo Domingo,Santo Domingo Oeste,Manoguayabo,Casa,3,5,2,487,926274.00
La Altagracia,Punta Cana,Punta Cana Village,Villa,4,6,3,344,778128.00
La Altagracia,Punta Cana,Cap Cana,Apartamento,3,2,1,166,546638.00
Santo Domingo,Santo Domingo Norte,Villa Mella,Apartamento,3,1,1,206,304468.00
Santo Domingo,Santo Domingo Este,Coral Mall,Villa,5,5,3,482,724928.00
Santo Domingo,Santo Domingo Norte,Villa Mella,Villa,3,3,3,574,1219750.00
Santiago,Santiago de los Caballeros,Villa Olga,Casa,4,4,2,373,593816.00
Santo Domingo,Santo Domingo Oeste,Prolongación 27,Apartamento,1,2,2,123,137637.00
Santo Domingo,Santo Domingo Norte,Avenida Jacobo Majluta,Townhouse,4,2,2,214,245030.00
Samaná,Las Terrenas,Cosón,Casa,3,6,2,550,1210550.00
Santo Domingo,Santo Domingo Norte,Colinas del Arroyo,Apartamento,3,1,1,122,253638.00
Samaná,Las Terrenas,Cosón,Casa,4,3,3,489,822498.00
Distrito Nacional,Santo Domingo,Naco,Apartamento,1,1,1,254,676656.00
Santo Domingo,Santo Domingo Oeste,Villa Aura,Villa,5,5,2,386,497168.00
Samaná,Las Terrenas,Pueblo de los Pescadores,Apartamento,2,4,2,189,368739.00
Santo Domingo,Santo Domingo Este,Ensanche Ozama,Apartamento,3,2,1,246,329148.00
Santo Domingo,Santo Domingo Norte,Villa Mella,Apartamento,1,2,1,107,126260.00
Santo Domingo,Santo Domingo Este,Coral Mall,Apartamento,3,1,1,208,250224.00
La Romana,La Romana,Central Romana,Apartamento,1,4,2,127,233426.00
Santo Domingo,Santo Domingo Norte,Avenida Jacobo Majluta,Casa,3,6,4,216,410400.00
Santo Domingo,Santo Domingo Norte,Villa Mella,Apartamento,2,3,2,193,293939.00
Santo Domingo,Santo Domingo Este,San Isidro,Townhouse,2,4,2,175,211750.00
Santiago,Santiago de los Caballeros,El Dorado II,Penthouse,3,3,4,331,867882.00
Samaná,Las Terrenas,Playa Bonita,Apartamento,4,3,1,132,153252.00
Santo Domingo,Santo Domingo Este,Ensanche Ozama,Apartamento,2,1,1,119,195041.00
Samaná,Las Terrenas,Cosón,Apartamento,4,1,2,182,377104.00
Puerto Plata,Puerto Plata,Costámbar,Casa,6,5,3,337,533471.00
San Pedro de Macorís,Juan Dolio,Metro Country Club,Casa,6,3,2,583,526449.00
Santo Domingo,Santo Domingo Oeste,Manoguayabo,Townhouse,1,1,1,130,260000.00
Distrito Nacional,Santo Domingo,Evaristo Morales,Apartamento,4,2,1,158,302886.00
San Pedro de Macorís,Juan Dolio,Metro Country Club,Casa,5,5,4,586,974518.00
Samaná,Las Terrenas,Playa Bonita,Villa,4,3,2,652,633092.00
Distrito Nacional,Santo Domingo,El Millón,Casa,5,6,2,207,421659.00
San Pedro de Macorís,Juan Dolio,Metro Country Club,Casa,3,6,3,382,519902.00
Santo Domingo,Santo Domingo Norte,Avenida Jacobo Majluta,Casa,3,5,3,727,1348585.00
Santiago,Santiago de los Caballeros,Los Colegios,Villa,4,6,4,355,478540.00
San Pedro de Macorís,Juan Dolio,Guavaberry,Apartamento,1,4,1,86,151790.00
La Romana,La Romana,Central Romana,Casa,5,6,3,460,726340.00
La Altagracia,Punta Cana,Bávaro,Casa,3,6,3,204,262956.00
Santiago,Santiago de los Caballeros,Cerro Alto,Apartamento,2,4,2,188,286136.00
La Romana,La Romana,Central Romana,Apartamento,4,2,1,111,125874.00
Distrito Nacional,Santo Domingo,Gazcue,Apartamento,4,3,2,143,248391.00
Puerto Plata,Puerto Plata,Torre Alta,Villa,5,6,3,671,935374.00
Santo Domingo,Santo Domingo Este,San Isidro,Casa,3,3,2,589,775124.00
Santo Domingo,Santo Domingo Este,San Isidro,Apartamento,2,4,2,152,178752.00